Alabama,Arizona,0.5307621352623413
Alabama,Arizona St,0.7842432944860194
Alabama,Arkansas,0.6793445440011093
Alabama,Auburn,0.6481243156062486
Alabama,Baylor,0.5250198043049867
Alabama,Boise St,0.7914637802963436
Alabama,Col Charleston,0.8303731513583259
Alabama,Colgate,0.888657305523152
Alabama,Connecticut,0.4815951825698782
Alabama,Creighton,0.6093168650316698
Alabama,Drake,0.7928646583053123
Alabama,Duke,0.5328379028517312
Alabama,F Dickinson,0.9829956089406228
Alabama,FL Atlantic,0.7999323447848197
Alabama,Furman,0.8595741865750284
Alabama,Gonzaga,0.4948163444074175
Alabama,Grand Canyon,0.9095370470676973
Alabama,Houston,0.43222699080435356
Alabama,Howard,0.9846364784768541
Alabama,Illinois,0.6214197925675138
Alabama,Indiana,0.5838115271959932
Alabama,Iona,0.849875739156058
Alabama,Iowa,0.6420149681530453
Alabama,Iowa St,0.6972731768246727
Alabama,Kansas,0.5275596844341917
Alabama,Kansas St,0.7279187376053501
Alabama,Kennesaw,0.9572551109160304
Alabama,Kent,0.8055036612864597
Alabama,Kentucky,0.5950034423096688
Alabama,Marquette,0.4748894703007017
Alabama,Maryland,0.6911148981913784
Alabama,Memphis,0.6509523981825799
Alabama,Miami FL,0.6033577701626567
Alabama,Michigan St,0.7351811062686391
Alabama,Mississippi St,0.679898043197966
Alabama,Missouri,0.5535991979731014
Alabama,Montana St,0.9270120930020108
Alabama,N Kentucky,0.933281598668637
Alabama,NC State,0.7143336189235483
Alabama,Nevada,0.8725614073998517
Alabama,Northwestern,0.7566834574218471
Alabama,Oral Roberts,0.8603698033772043
Alabama,Penn St,0.7068779671085375
Alabama,Pittsburgh,0.7904837601793688
Alabama,Princeton,0.8983603855989917
Alabama,Providence,0.6631024526472513
Alabama,Purdue,0.4686254179225463
Alabama,San Diego St,0.6782937193894903
Alabama,UC Santa Barbara,0.9070248124993873
Alabama,SE Missouri St,0.9801242990693202
Alabama,St Mary's CA,0.6695690226476924
Alabama,TAM C. Christi,0.9673186029743205
Alabama,TCU,0.6766211280592066
Alabama,Tennessee,0.574463612768586
Alabama,Texas,0.47486797574963646
Alabama,Texas A&M,0.5859174421366223
Alabama,TX Southern,0.9917548629882954
Alabama,UCLA,0.5202081271445129
Alabama,Louisiana,0.9008733506797624
Alabama,UNC Asheville,0.956108979587709
Alabama,USC,0.7303929800930882
Alabama,Utah St,0.760162994358942
Alabama,VCU,0.7601400511832854
Alabama,Vermont,0.9249136409662632
Alabama,Virginia,0.55115224523311
Alabama,West Virginia,0.6948142675416584
Alabama,Xavier,0.6283507509294699
Arizona,Arizona St,0.7669522184084578
Arizona,Arkansas,0.6573200997790218
Arizona,Auburn,0.6251387554327663
Arizona,Baylor,0.5001939965180795
Arizona,Boise St,0.7745850406835353
Arizona,Col Charleston,0.8159111998830486
Arizona,Colgate,0.8784370493175315
Arizona,Connecticut,0.4568477618376796
Arizona,Creighton,0.5854178482267012
Arizona,Drake,0.7760672237163424
Arizona,Duke,0.5080378241909442
Arizona,F Dickinson,0.9812520722836583
Arizona,FL Atlantic,0.783551590703674
Arizona,Furman,0.8471435500324141
Arizona,Gonzaga,0.47000549470144193
Arizona,Grand Canyon,0.9010198920691711
Arizona,Houston,0.40801974738129754
Arizona,Howard,0.9830582878718331
Arizona,Illinois,0.5977724044781946
Arizona,Indiana,0.5594802869000162
Arizona,Iona,0.8367496356190135
Arizona,Iowa,0.6188650100877688
Arizona,Iowa St,0.6758926673450847
Arizona,Kansas,0.5027408959801617
Arizona,Kansas St,0.7077955906704064
Arizona,Kennesaw,0.9529984817659124
Arizona,Kent,0.7894590047494628
Arizona,Kentucky,0.5708455327940651
Arizona,Marquette,0.450187393482954
Arizona,Maryland,0.6695056036182812
Arizona,Memphis,0.6280455563450679
Arizona,Miami FL,0.5793458833309462
Arizona,Michigan St,0.7153850695574275
Arizona,Mississippi St,0.6578924714337431
Arizona,Missouri,0.5289268766007427
Arizona,Montana St,0.9199955041901791
Arizona,N Kentucky,0.9268201409621275
Arizona,NC State,0.6936286044120381
Arizona,Nevada,0.8610946331989335
Arizona,Northwestern,0.7379217921127381
Arizona,Oral Roberts,0.8479971413633978
Arizona,Penn St,0.6858702039806326
Arizona,Pittsburgh,0.7735483939950134
Arizona,Princeton,0.888919454428899
Arizona,Providence,0.6405526827151247
Arizona,Purdue,0.44397368695571604
Arizona,San Diego St,0.6562336218320438
Arizona,UC Santa Barbara,0.8982975768531628
Arizona,SE Missouri St,0.9780929153004622
Arizona,St Mary's CA,0.6472218125580489
Arizona,TAM C. Christi,0.9640264578019972
Arizona,TCU,0.6545047573468207
Arizona,Tennessee,0.5500071065750807
Arizona,Texas,0.4501660585044366
Arizona,Texas A&M,0.5616168702731257
Arizona,TX Southern,0.9909011387418413
Arizona,UCLA,0.495372551123184
Arizona,Louisiana,0.8916376839472537
Arizona,UNC Asheville,0.9517439697868597
Arizona,USC,0.7103800192716241
Arizona,Utah St,0.7415779996371679
Arizona,VCU,0.7415538830461598
Arizona,Vermont,0.9177132272807585
Arizona,Virginia,0.5264603656827127
Arizona,West Virginia,0.6733414522064861
Arizona,Xavier,0.604861008198879
Arizona St,Arkansas,0.37161206794561075
Arizona St,Auburn,0.3395581499500313
Arizona St,Baylor,0.23578918375154023
Arizona St,Boise St,0.5144217309438053
Arizona St,Col Charleston,0.5774235600642444
Arizona St,Colgate,0.6901948609431292
Arizona St,Connecticut,0.20591598971532898
Arizona St,Creighton,0.30330119224424135
Arizona St,Drake,0.5165468768080707
Arizona St,Duke,0.24149007820178792
Arizona St,F Dickinson,0.9416439722911948
Arizona St,FL Atlantic,0.5274232334659805
Arizona St,Furman,0.6308090838406376
Arizona St,Gonzaga,0.21470342162699996
Arizona St,Grand Canyon,0.73728929057433
Arizona St,Houston,0.1752539780688066
Arizona St,Howard,0.9470602431449466
Arizona St,Illinois,0.31421438479695396
Arizona St,Indiana,0.2813796313457064
Arizona St,Iona,0.6124347884307535
Arizona St,Iowa,0.333599870429351
Arizona St,Iowa St,0.39133072643272726
Arizona St,Kansas,0.2376298723976058
Arizona St,Kansas St,0.42751924624692117
Arizona St,Kennesaw,0.8620892240364788
Arizona St,Kent,0.5361831292916601
Arizona St,Kentucky,0.29082516248330104
Arizona St,Marquette,0.20155639242984857
Arizona St,Maryland,0.3844430681944927
Arizona St,Memphis,0.34234978240937375
Arizona St,Miami FL,0.29805169884035276
Arizona St,Michigan St,0.4365937679353623
Arizona St,Mississippi St,0.37220587537946015
Arizona St,Missouri,0.2571480647873189
Arizona St,Montana St,0.779989364242557
Arizona St,N Kentucky,0.7961101620067669
Arizona St,NC State,0.4110702045049325
Arizona St,Nevada,0.6564987331238192
Arizona St,Northwestern,0.46468722075043467
Arizona St,Oral Roberts,0.6323464521750561
Arizona St,Penn St,0.402321991694106
Arizona St,Pittsburgh,0.5129409624446957
Arizona St,Princeton,0.7115798765199027
Arizona St,Providence,0.35459132087526646
Arizona St,Purdue,0.19754143209669572
Arizona St,San Diego St,0.3704872689207743
Arizona St,UC Santa Barbara,0.7314061846895026
Arizona St,SE Missouri St,0.932271248130216
Arizona St,St Mary's CA,0.3612755942936653
Arizona St,TAM C. Christi,0.892030683733595
Arizona St,TCU,0.3687037945545901
Arizona St,Tennessee,0.27368974013993674
Arizona St,Texas,0.20154252117647664
Arizona St,Texas A&M,0.2831367867537715
Arizona St,TX Southern,0.9710774298448355
Arizona St,UCLA,0.23233165804543
Arizona St,Louisiana,0.7172574179498601
Arizona St,UNC Asheville,0.8587678577322211
Arizona St,USC,0.43058834026086545
Arizona St,Utah St,0.4694144554099927
Arizona St,VCU,0.46938311341794414
Arizona St,Vermont,0.7746912747127571
Arizona St,Virginia,0.2552621687488449
Arizona St,West Virginia,0.38856589326229873
Arizona St,Xavier,0.3206207733446076
Arkansas,Auburn,0.4762058035871545
Arkansas,Baylor,0.3529972140764057
Arkansas,Boise St,0.6519718606032407
Arkansas,Col Charleston,0.7072822249413968
Arkansas,Colgate,0.7975490310440216
Arkansas,Connecticut,0.3143832840726829
Arkansas,Creighton,0.4349675558256909
Arkansas,Drake,0.6539000313044667
Arkansas,Duke,0.3601962757948436
Arkansas,F Dickinson,0.9661401753496301
Arkansas,FL Atlantic,0.6636981336104362
Arkansas,Furman,0.7513274292673536
Arkansas,Gonzaga,0.3258998257050515
Arkansas,Grand Canyon,0.8322896333136286
Arkansas,Houston,0.2731251651930522
Arkansas,Howard,0.9693568373553908
Arkansas,Illinois,0.44757478611503365
Arkansas,Indiana,0.4091178522563257
Arkansas,Iona,0.7364451944713262
Arkansas,Iowa,0.46955449496984025
Arkansas,Iowa St,0.5320293635188192
Arkansas,Kansas,0.3553274561311913
Arkansas,Kansas St,0.5690644925630992
Arkansas,Kennesaw,0.9170380567183395
Arkansas,Kent,0.671505276665048
Arkansas,Kentucky,0.42034319928961683
Arkansas,Marquette,0.30861975529519337
Arkansas,Maryland,0.5248004836694142
Arkansas,Memphis,0.47930555410799236
Arkansas,Miami FL,0.42884191765154545
Arkansas,Michigan St,0.578109474139032
Arkansas,Mississippi St,0.5118102978880115
Arkansas,Missouri,0.37969816346505214
Arkansas,Montana St,0.8624298129093553
Arkansas,N Kentucky,0.8734897286061439
Arkansas,NC State,0.5524246563613502
Arkansas,Nevada,0.7716664855877116
Arkansas,Northwestern,0.6055222240277872
Arkansas,Oral Roberts,0.7525597981876101
Arkansas,Penn St,0.5434441034834429
Arkansas,Pittsburgh,0.6506256714197659
Arkansas,Princeton,0.8135257824062716
Arkansas,Providence,0.49277483463316907
Arkansas,Purdue,0.3032821962154929
Arkansas,San Diego St,0.509970713335506
Arkansas,UC Santa Barbara,0.8280377600617915
Arkansas,SE Missouri St,0.9605369690469
Arkansas,St Mary's CA,0.5000457877878716
Arkansas,TAM C. Christi,0.9359362443148344
Arkansas,TCU,0.5080576919972519
Arkansas,Tennessee,0.3998795489202459
Arkansas,Texas,0.30860136369251145
Arkansas,Texas A&M,0.4112162387246091
Arkansas,TX Southern,0.9834356446049807
Arkansas,UCLA,0.3486049989132034
Arkansas,Louisiana,0.8177106154330382
Arkansas,UNC Asheville,0.914909428516812
Arkansas,USC,0.5721342016935811
Arkansas,Utah St,0.6100494342372709
Arkansas,VCU,0.6100194980151641
Arkansas,Vermont,0.8587574819482204
Arkansas,Virginia,0.37737007457116134
Arkansas,West Virginia,0.529134636136366
Arkansas,Xavier,0.4548966127587766
Auburn,Baylor,0.37954761451250696
Auburn,Boise St,0.6774635703559135
Auburn,Col Charleston,0.7303979378750916
Auburn,Colgate,0.8153969506620036
Auburn,Connecticut,0.33955358302309435
Auburn,Creighton,0.46326877005830236
Auburn,Drake,0.6793199761763726
Auburn,Duke,0.386964300423014
Auburn,F Dickinson,0.9696900769478025
Auburn,FL Atlantic,0.6887409902218578
Auburn,Furman,0.7720857432118018
Auburn,Gonzaga,0.351519431007177
Auburn,Grand Canyon,0.8476598568480739
Auburn,Houston,0.29642035859173643
Auburn,Howard,0.9725790720175148
Auburn,Illinois,0.47600524637668085
Auburn,Indiana,0.43703806974141346
Auburn,Iona,0.758045754843212
Auburn,Iowa,0.4981221983784466
Auburn,Iowa St,0.5603825493794425
Auburn,Kansas,0.38194965709201434
Auburn,Kansas St,0.5968740203531744
Auburn,Kennesaw,0.9253380549155431
Auburn,Kent,0.6962328540412888
Auburn,Kentucky,0.4484480811610858
Auburn,Marquette,0.33355310401480254
Auburn,Maryland,0.5532238521270131
Auburn,Memphis,0.5078984743006634
Auburn,Miami FL,0.4570669746720928
Auburn,Michigan St,0.6057397023031341
Auburn,Mississippi St,0.5403300948934817
Auburn,Missouri,0.4069935502323144
Auburn,Montana St,0.8754511293719579
Auburn,N Kentucky,0.8856030587504382
Auburn,NC State,0.5805164414197621
Auburn,Nevada,0.7911988107546206
Auburn,Northwestern,0.6324984158925614
Auburn,Oral Roberts,0.7732462860445394
Auburn,Penn St,0.5716624991317759
Auburn,Pittsburgh,0.6761670083443599
Auburn,Princeton,0.8302649617646286
Auburn,Providence,0.5213667174115729
Auburn,Purdue,0.32798889416255095
Auburn,San Diego St,0.5385010744947465
Auburn,UC Santa Barbara,0.843724489538898
Auburn,SE Missouri St,0.964652824717905
Auburn,St Mary's CA,0.5286198758445148
Auburn,TAM C. Christi,0.9424641806049011
Auburn,TCU,0.5365982239804801
Auburn,Tennessee,0.4276255727244116
Auburn,Texas,0.3335339433595441
Auburn,Texas A&M,0.43917322387909163
Auburn,TX Southern,0.9852000469341132
Auburn,UCLA,0.3750165243014131
Auburn,Louisiana,0.8341507196453952
Auburn,UNC Asheville,0.9234045996616048
Auburn,USC,0.5998849164272493
Auburn,Utah St,0.6369016796458972
Auburn,VCU,0.6368725778017503
Auburn,Vermont,0.8720748334831804
Auburn,Virginia,0.40460726623280396
Auburn,West Virginia,0.5575173412210183
Auburn,Xavier,0.4833851983071169
Baylor,Boise St,0.7748305176363369
Baylor,Col Charleston,0.8161223561199894
Baylor,Colgate,0.8785871585334475
Baylor,Connecticut,0.4571967783762344
Baylor,Creighton,0.5857591597584857
Baylor,Drake,0.776311552698431
Baylor,Duke,0.5083893436930225
Baylor,F Dickinson,0.9812779285952654
Baylor,FL Atlantic,0.7837900286675933
Baylor,Furman,0.8473255852265648
Baylor,Gonzaga,0.470355858476304
Baylor,Grand Canyon,0.9011452535156615
Baylor,Houston,0.408359506531756
Baylor,Howard,0.9830816960804939
Baylor,Illinois,0.5981105273752394
Baylor,Indiana,0.5598268963343991
Baylor,Iona,0.8369416662993929
Baylor,Iowa,0.6191966972968437
Baylor,Iowa St,0.6762006921844179
Baylor,Kansas,0.5030924984011342
Baylor,Kansas St,0.7080863905915841
Baylor,Kennesaw,0.9530614402202803
Baylor,Kent,0.7896926817970971
Baylor,Kentucky,0.5711900536725538
Baylor,Marquette,0.45053554237971505
Baylor,Maryland,0.6698167332430078
Baylor,Memphis,0.6283740517253762
Baylor,Miami FL,0.5796886046958247
Baylor,Michigan St,0.7156713505952025
Baylor,Mississippi St,0.6582089524675316
Baylor,Missouri,0.5292772998132261
Baylor,Montana St,0.9200989636499144
Baylor,N Kentucky,0.9269154760945126
Baylor,NC State,0.6939274064306182
Baylor,Nevada,0.861262775108183
Baylor,Northwestern,0.7381937004455926
Baylor,Oral Roberts,0.8481783422032976
Baylor,Penn St,0.6861731492142489
Baylor,Pittsburgh,0.7737946701764349
Baylor,Princeton,0.8890582544380214
Baylor,Providence,0.6408764484101239
Baylor,Purdue,0.4443209138629266
Baylor,San Diego St,0.6565508363310261
Baylor,UC Santa Barbara,0.8984259975088553
Baylor,SE Missouri St,0.9781230314430425
Baylor,St Mary's CA,0.6475428764949214
Baylor,TAM C. Christi,0.9640752011535048
Baylor,TCU,0.6548227280362346
Baylor,Tennessee,0.5503551792935347
Baylor,Texas,0.4505142044213678
Baylor,Texas A&M,0.5619631147989823
Baylor,TX Southern,0.9909138107135967
Baylor,UCLA,0.49572413763695766
Baylor,Louisiana,0.8917735009411898
Baylor,UNC Asheville,0.951808523682157
Baylor,USC,0.7106692985639369
Baylor,Utah St,0.7418474416779705
Baylor,VCU,0.7418233414778628
Baylor,Vermont,0.9178193744759073
Baylor,Virginia,0.5268109822443288
Baylor,West Virginia,0.673650730958619
Baylor,Xavier,0.6051971078048637
Boise St,Col Charleston,0.5594128847304978
Boise St,Colgate,0.6742793448447425
Boise St,Connecticut,0.1941686937012822
Boise St,Creighton,0.28801322478464675
Boise St,Drake,0.49819640593134773
Boise St,Duke,0.22829678212984483
Boise St,F Dickinson,0.9374758728304562
Boise St,FL Atlantic,0.5090932547045945
Boise St,Furman,0.6135509477025667
Boise St,Gonzaga,0.2025827043267353
Boise St,Grand Canyon,0.7228215366420419
Boise St,Houston,0.16489268693344838
Boise St,Howard,0.9432556902318607
Boise St,Illinois,0.29861210599539956
Boise St,Indiana,0.2667735235909645
Boise St,Iona,0.5948693642040754
Boise St,Iowa,0.31748063050789654
Boise St,Iowa St,0.37398746857083753
Boise St,Kansas,0.2245850274120762
Boise St,Kansas St,0.4096515821366046
Boise St,Kennesaw,0.8531251956559845
Boise St,Kent,0.5178823369539592
Boise St,Kentucky,0.27591700285832665
Boise St,Marquette,0.18999829867886286
Boise St,Maryland,0.36722089836727223
Boise St,Memphis,0.3260145899066178
Boise St,Miami FL,0.28292088170365126
Boise St,Michigan St,0.4186241764058063
Boise St,Mississippi St,0.3552155584888921
Boise St,Missouri,0.24337380277960374
Boise St,Montana St,0.7671304252414675
Boise St,N Kentucky,0.7839324285710114
Boise St,NC State,0.3934175699332426
Boise St,Nevada,0.6397556765882112
Boise St,Northwestern,0.44647765487816227
Boise St,Oral Roberts,0.6151163333378219
Boise St,Penn St,0.3847995708158932
Boise St,Pittsburgh,0.4945875412689509
Boise St,Princeton,0.6962795240827906
Boise St,Providence,0.33797220051406673
Boise St,Purdue,0.18615989307497582
Boise St,San Diego St,0.3535312244297043
Boise St,UC Santa Barbara,0.7167389160523308
Boise St,SE Missouri St,0.9274852520625495
Boise St,St Mary's CA,0.3445104180629296
Boise St,TAM C. Christi,0.8847526431599545
Boise St,TCU,0.35178376103156406
Boise St,Tennessee,0.2593387506666007
Boise St,Texas,0.1899850335922375
Boise St,Texas A&M,0.26847354341299456
Boise St,TX Southern,0.9689422864592043
Boise St,UCLA,0.219493923669701
Boise St,Louisiana,0.7021321754140175
Boise St,UNC Asheville,0.8496256014918405
Boise St,USC,0.4126848725262334
Boise St,Utah St,0.45117577395658715
Boise St,VCU,0.4511446142921667
Boise St,Vermont,0.7616173170840749
Boise St,Virginia,0.24155607695946746
Boise St,West Virginia,0.3712704271455287
Boise St,Xavier,0.3048417899601731
Col Charleston,Colgate,0.6198446905872603
Col Charleston,Connecticut,0.15951215395481055
Col Charleston,Creighton,0.24162918239134623
Col Charleston,Drake,0.43882559251110353
Col Charleston,Duke,0.18897734156252521
Col Charleston,F Dickinson,0.9219343025903809
Col Charleston,FL Atlantic,0.44958731323714307
Col Charleston,Furman,0.5556554117402212
Col Charleston,Gonzaga,0.1667351114296458
Col Charleston,Grand Canyon,0.6725597804615223
Col Charleston,Houston,0.1345887911998146
Col Charleston,Howard,0.9290420611516832
Col Charleston,Illinois,0.25112317964745545
Col Charleston,Indiana,0.22273998321099375
Col Charleston,Iona,0.5362903144081269
Col Charleston,Iowa,0.26813816007449487
Col Charleston,Iowa St,0.319980072022064
Col Charleston,Kansas,0.18575098565900916
Col Charleston,Kansas St,0.3534013977720599
Col Charleston,Kennesaw,0.8206283576766649
Col Charleston,Kent,0.45830817637608223
Col Charleston,Kentucky,0.2308494065371096
Col Charleston,Marquette,0.15594207281958905
Col Charleston,Maryland,0.31370099638795623
Col Charleston,Memphis,0.27588190198129814
Col Charleston,Miami FL,0.23708386374443624
Col Charleston,Michigan St,0.36189721824004195
Col Charleston,Mississippi St,0.30260860969771375
Col Charleston,Missouri,0.2021378290037028
Col Charleston,Montana St,0.7218110847723617
Col Charleston,N Kentucky,0.7407780394461504
Col Charleston,NC State,0.33811978944955556
Col Charleston,Nevada,0.5831185410632469
Col Charleston,Northwestern,0.3884985108137208
Col Charleston,Oral Roberts,0.5572860962345387
Col Charleston,Penn St,0.3300540080574962
Col Charleston,Pittsburgh,0.43527374765767324
Col Charleston,Princeton,0.6435780706215011
Col Charleston,Providence,0.28678314332414834
Col Charleston,Purdue,0.1526620108830925
Col Charleston,San Diego St,0.30105725330277555
Col Charleston,UC Santa Barbara,0.6658840180225927
Col Charleston,SE Missouri St,0.9096995262092329
Col Charleston,St Mary's CA,0.29276901625571794
Col Charleston,TAM C. Christi,0.8580895297300549
Col Charleston,TCU,0.2994490192847796
Col Charleston,Tennessee,0.21617059243989556
Col Charleston,Texas,0.1559307277091454
Col Charleston,Texas A&M,0.22424521668345787
Col Charleston,TX Southern,0.9608960430100023
Col Charleston,UCLA,0.18133433998183113
Col Charleston,Louisiana,0.6499356897667368
Col Charleston,UNC Asheville,0.8165209867147047
Col Charleston,USC,0.35626953871293376
Col Charleston,Utah St,0.3930197236880527
Col Charleston,VCU,0.39298970446326487
Col Charleston,Vermont,0.7156227907970517
Col Charleston,Virginia,0.2005464563123467
Col Charleston,West Virginia,0.3174564248527775
Col Charleston,Xavier,0.25672477082797396
Colgate,Connecticut,0.10375280358574368
Colgate,Creighton,0.16272227198719647
Colgate,Drake,0.3229445795403578
Colgate,Duke,0.12444309752053395
Colgate,F Dickinson,0.8781022546088524
Colgate,FL Atlantic,0.33254851073634617
Colgate,Furman,0.4327119999308928
Colgate,Gonzaga,0.1087776651216239
Colgate,Grand Canyon,0.5561231955406769
Colgate,Houston,0.08664357324791494
Colgate,Howard,0.8887191430686047
Colgate,Illinois,0.16981010976330224
Colgate,Indiana,0.14879131733667217
Colgate,Iona,0.41364294986419703
Colgate,Iowa,0.1826594881167859
Colgate,Iowa St,0.2230108269239024
Colgate,Kansas,0.12215257191957551
Colgate,Kansas St,0.25002782422590875
Colgate,Kennesaw,0.736191683587446
Colgate,Kent,0.3404031585628874
Colgate,Kentucky,0.15474445638439283
Colgate,Marquette,0.10128030441827429
Colgate,Maryland,0.21802452588982535
Colgate,Memphis,0.18857068970484903
Colgate,Miami FL,0.1593493936230148
Colgate,Michigan St,0.2570263757408322
Colgate,Mississippi St,0.20928357597246405
Colgate,Missouri,0.1338511067084397
Colgate,Montana St,0.6128054673703734
Colgate,N Kentucky,0.6354509151143364
Colgate,NC State,0.2375738626090682
Colgate,Nevada,0.460394614630214
Colgate,Northwestern,0.27929310085751147
Colgate,Oral Roberts,0.43433455639668794
Colgate,Penn St,0.23106924222061276
Colgate,Pittsburgh,0.3197961706192147
Colgate,Princeton,0.5241275981817591
Colgate,Providence,0.19696031074062037
Colgate,Purdue,0.09901511477441538
Colgate,San Diego St,0.20806791693603022
Colgate,UC Santa Barbara,0.5486665890441011
Colgate,SE Missouri St,0.8600408070414916
Colgate,St Mary's CA,0.20160130608284876
Colgate,TAM C. Christi,0.7867036929306405
Colgate,TCU,0.2068094463871729
Colgate,Tennessee,0.1439988706894456
Colgate,Texas,0.10127245892266512
Colgate,Texas A&M,0.14989319227546538
Colgate,TX Southern,0.9374560199010664
Colgate,UCLA,0.11902706806205499
Colgate,Louisiana,0.5310633987078166
Colgate,UNC Asheville,0.7307851242616435
Colgate,USC,0.25238447277227294
Colgate,Utah St,0.28313185684858677
Colgate,VCU,0.2831063161624062
Colgate,Vermont,0.6055175588937739
Colgate,Virginia,0.13270791669823656
Colgate,West Virginia,0.2210034134996337
Colgate,Xavier,0.17401939485313822
Connecticut,Creighton,0.6251440280184122
Connecticut,Drake,0.8036521541701989
Connecticut,Duke,0.5494724840973304
Connecticut,F Dickinson,0.9840800097121347
Connecticut,FL Atlantic,0.8104397612542845
Connecticut,Furman,0.8674682178812713
Connecticut,Gonzaga,0.5115637435892871
Connecticut,Grand Canyon,0.9149004810585915
Connecticut,Houston,0.44873769591929036
Connecticut,Howard,0.9856177690384347
Connecticut,Illinois,0.6370487089914545
Connecticut,Indiana,0.599993632108621
Connecticut,Iona,0.8582250453921224
Connecticut,Iowa,0.6572625897654565
Connecticut,Iowa St,0.7112258283349677
Connecticut,Kansas,0.5442214464562026
Connecticut,Kansas St,0.7409836218653388
Connecticut,Kennesaw,0.9599140897781002
Connecticut,Kent,0.8157858584422076
Connecticut,Kentucky,0.6110403089047267
Connecticut,Marquette,0.4916187598482191
Connecticut,Maryland,0.7052313946429367
Connecticut,Memphis,0.6660173776234237
Connecticut,Miami FL,0.6192755016619746
Connecticut,Michigan St,0.748017981765831
Connecticut,Mississippi St,0.6943004170208945
Connecticut,Missouri,0.5700909750639123
Connecticut,Montana St,0.9314175773592067
Connecticut,N Kentucky,0.9373342425100613
Connecticut,NC State,0.7278069080794204
Connecticut,Nevada,0.8798274307403752
Connecticut,Northwestern,0.7688058016653838
Connecticut,Oral Roberts,0.8682259656152145
Connecticut,Penn St,0.7205653418342683
Connecticut,Pittsburgh,0.8013641873245795
Connecticut,Princeton,0.9043167589524448
Connecticut,Providence,0.6779025105870086
Connecticut,Purdue,0.48533799375883824
Connecticut,San Diego St,0.692735655018889
Connecticut,UC Santa Barbara,0.9125228683066109
Connecticut,SE Missouri St,0.9813883415564798
Connecticut,St Mary's CA,0.6842202842882164
Connecticut,TAM C. Christi,0.9693716043046628
Connecticut,TCU,0.6911039550969045
Connecticut,Tennessee,0.5907543968978282
Connecticut,Texas,0.4915972169712519
Connecticut,Texas A&M,0.6020734760619253
Connecticut,TX Southern,0.9922850543541122
Connecticut,UCLA,0.5369015688232681
Connecticut,Louisiana,0.9066977519693513
Connecticut,UNC Asheville,0.9588361885703518
Connecticut,USC,0.7433809400736077
Connecticut,Utah St,0.7721641804181367
Connecticut,VCU,0.7721420411671508
Connecticut,Vermont,0.9294361446302123
Connecticut,Virginia,0.5676638239568703
Connecticut,West Virginia,0.7088329252786572
Connecticut,Xavier,0.6438575213438247
Creighton,Drake,0.7110788261846892
Creighton,Duke,0.42308794234355507
Creighton,F Dickinson,0.9738009127027081
Creighton,FL Atlantic,0.7199514567479885
Creighton,Furman,0.7973974511002795
Creighton,Gonzaga,0.38641992670983605
Creighton,Grand Canyon,0.8660347486922013
Creighton,Houston,0.328622575705215
Creighton,Howard,0.9763076562388545
Creighton,Illinois,0.5134787712588265
Creighton,Indiana,0.474220192813647
Creighton,Iona,0.7844814691479615
Creighton,Iowa,0.53555730260872
Creighton,Iowa St,0.5969314661646825
Creighton,Kansas,0.41792430887012133
Creighton,Kansas St,0.6323793527888034
Creighton,Kennesaw,0.9350613738512105
Creighton,Kent,0.7269898756454778
Creighton,Kentucky,0.4857633205969699
Creighton,Marquette,0.36768120247477276
Creighton,Maryland,0.5899324123939776
Creighton,Memphis,0.5452700555568141
Creighton,Miami FL,0.4944564545905581
Creighton,Michigan St,0.6409339285616927
Creighton,Mississippi St,0.5772885790923454
Creighton,Missouri,0.44363386739086497
Creighton,Montana St,0.8909053270735082
Creighton,N Kentucky,0.8999415625637537
Creighton,NC State,0.6165368907148534
Creighton,Nevada,0.8148967548368888
Creighton,Northwestern,0.666618632367389
Creighton,Oral Roberts,0.7984627498158671
Creighton,Penn St,0.6079297476018475
Creighton,Pittsburgh,0.7081039421650644
Creighton,Princeton,0.8503676125254662
Creighton,Providence,0.5586043738552837
Creighton,Purdue,0.361856796489038
Creighton,San Diego St,0.5754910808152699
Creighton,UC Santa Barbara,0.8624970564917767
Creighton,SE Missouri St,0.9694253054074189
Creighton,St Mary's CA,0.5657632281503417
Creighton,TAM C. Christi,0.9500774717249856
Creighton,TCU,0.5736199858046565
Creighton,Tennessee,0.4646678762187757
Creighton,Texas,0.36766116289461426
Creighton,Texas A&M,0.4763832837033163
Creighton,TX Southern,0.9872350075078584
Creighton,UCLA,0.41077217326008597
Creighton,Louisiana,0.8538741556100949
Creighton,UNC Asheville,0.9333615817397308
Creighton,USC,0.6352871021528814
Creighton,Utah St,0.6708258424559124
Creighton,VCU,0.6707980542026797
Creighton,Vermont,0.8878943200072789
Creighton,Virginia,0.4411925855245944
Creighton,West Virginia,0.5941319390993153
Creighton,Xavier,0.5208621964581506
Drake,Duke,0.2262010224738863
Drake,F Dickinson,0.9367726734941987
Drake,FL Atlantic,0.5061103401665429
Drake,Furman,0.6107174090086105
Drake,Gonzaga,0.20066161939828142
Drake,Grand Canyon,0.7204241155288647
Drake,Houston,0.16325584169979857
Drake,Howard,0.942613516433793
Drake,Illinois,0.29611854228226464
Drake,Indiana,0.26444558744127844
Drake,Iona,0.5919899376106809
Drake,Iowa,0.314900245081155
Drake,Iowa St,0.3711975933493654
Drake,Kansas,0.22251351671114794
Drake,Kansas St,0.4067685309597662
Drake,Kennesaw,0.8516234668131798
Drake,Kent,0.514901939584289
Drake,Kentucky,0.27353904433275766
Drake,Marquette,0.1881683909009365
Drake,Maryland,0.36445211357009777
Drake,Memphis,0.32339770854115135
Drake,Miami FL,0.2805059450299672
Drake,Michigan St,0.4157224461190753
Drake,Mississippi St,0.3524868691524009
Drake,Missouri,0.24118289309333285
Drake,Montana St,0.7649916455910595
Drake,N Kentucky,0.7819040936008466
Drake,NC State,0.39057318187057166
Drake,Nevada,0.6370006005549947
Drake,Northwestern,0.4435301474830149
Drake,Oral Roberts,0.6122870194284502
Drake,Penn St,0.3819782539190876
Drake,Pittsburgh,0.4916045059244769
Drake,Princeton,0.6937497977461334
Drake,Providence,0.3353070879217164
Drake,Purdue,0.18435853957131865
Drake,San Diego St,0.35080843421934793
Drake,UC Santa Barbara,0.7143096781531861
Drake,SE Missouri St,0.9266784778293704
Drake,St Mary's CA,0.34182036818785555
Drake,TAM C. Christi,0.883530142941541
Drake,TCU,0.34906716224109435
Drake,Tennessee,0.25705294759206343
Drake,Texas,0.18815522389575012
Drake,Texas A&M,0.26613615697512594
Drake,TX Southern,0.9685811244318917
Drake,UCLA,0.21745620281800015
Drake,Louisiana,0.6996301672523022
Drake,UNC Asheville,0.8480944620941231
Drake,USC,0.4097952923246978
Drake,Utah St,0.4482223662855185
Drake,VCU,0.44819124402160315
Drake,Vermont,0.7594437806020747
Drake,Virginia,0.23937635387082679
Drake,West Virginia,0.3684888898506513
Drake,Xavier,0.30231862778870433
Duke,F Dickinson,0.9811510285326567
Duke,FL Atlantic,0.7826210695289667
Duke,Furman,0.8464328332078255
Duke,Gonzaga,0.4686411249260213
Duke,Grand Canyon,0.9005302637127336
Duke,Houston,0.40669723797760104
Duke,Howard,0.9829668099103508
Duke,Illinois,0.5964545436775672
Duke,Indiana,0.5581297053537863
Duke,Iona,0.8359999473148783
Duke,Iowa,0.6175720450666897
Duke,Iowa St,0.6746914698933204
Duke,Kansas,0.50137139413802
Duke,Kansas St,0.7066613155433243
Duke,Kennesaw,0.9527524946801653
Duke,Kent,0.788547026257777
Duke,Kentucky,0.5695029843427502
Duke,Marquette,0.44883183371271707
Duke,Maryland,0.6682923518934993
Duke,Memphis,0.6267649525598076
Duke,Miami FL,0.5780102691428932
Duke,Michigan St,0.7142683620940803
Duke,Mississippi St,0.6566584505903359
Duke,Missouri,0.5275617217086688
Duke,Montana St,0.9195913662683408
Duke,N Kentucky,0.9264477211196523
Duke,NC State,0.6924632305892005
Duke,Nevada,0.8604380965371999
Duke,Northwestern,0.7368609840835852
Duke,Oral Roberts,0.8472896779301609
Duke,Penn St,0.6846887341384353
Duke,Pittsburgh,0.7725873498791436
Duke,Princeton,0.8883773838654208
Duke,Providence,0.6392904083534945
Duke,Purdue,0.44262177488475385
Duke,San Diego St,0.654996755200466
Duke,UC Santa Barbara,0.8977960094577042
Duke,SE Missouri St,0.9779752271419582
Duke,St Mary's CA,0.6459700141089417
Duke,TAM C. Christi,0.9638359965339093
Duke,TCU,0.6532649569820859
Duke,Tennessee,0.5486509117386376
Duke,Texas,0.44881051053559196
Duke,Texas A&M,0.5602676907614161
Duke,TX Southern,0.9908516147104282
Duke,UCLA,0.49400318070658356
Duke,Louisiana,0.8911072533308659
Duke,UNC Asheville,0.9514917512828011
Duke,USC,0.7092516553164161
Duke,Utah St,0.7405267869765386
Duke,VCU,0.740502606612091
Duke,Vermont,0.917298596933906
Duke,Virginia,0.5250944807508988
Duke,West Virginia,0.6721353860980905
Duke,Xavier,0.6035509693784682
F Dickinson,FL Atlantic,0.0667757789804525
F Dickinson,Furman,0.09872975016360797
F Dickinson,Gonzaga,0.017226800942512388
F Dickinson,Grand Canyon,0.15249288231648928
F Dickinson,Houston,0.01344054834940156
F Dickinson,Howard,0.5342213907853438
F Dickinson,Illinois,0.02853710925793196
F Dickinson,Indiana,0.024489017811799352
F Dickinson,Iona,0.09199214413774803
F Dickinson,Iowa,0.031096908279725555
F Dickinson,Iowa St,0.03958823263342792
F Dickinson,Kansas,0.01959241171997783
F Dickinson,Kansas St,0.0456909203867355
F Dickinson,Kennesaw,0.2861092221854924
F Dickinson,Kent,0.06900196203101738
F Dickinson,Kentucky,0.025618503689072147
F Dickinson,Marquette,0.01592670172514088
F Dickinson,Maryland,0.0384998668580977
F Dickinson,Memphis,0.03229707646102142
F Dickinson,Miami FL,0.026501344094691848
F Dickinson,Michigan St,0.047330824463579724
F Dickinson,Mississippi St,0.03661929604076519
F Dickinson,Missouri,0.02171170497802133
F Dickinson,Montana St,0.18520038683236462
F Dickinson,N Kentucky,0.20021511078896703
F Dickinson,NC State,0.04283373318636596
F Dickinson,Nevada,0.10915726874180076
F Dickinson,Northwestern,0.05272024781784457
F Dickinson,Oral Roberts,0.09931921807130772
F Dickinson,Penn St,0.04137164940417959
F Dickinson,Pittsburgh,0.06324932039970876
F Dickinson,Princeton,0.13657434288155768
F Dickinson,Providence,0.034025539114118764
F Dickinson,Purdue,0.015537488944104005
F Dickinson,San Diego St,0.036360466824353566
F Dickinson,UC Santa Barbara,0.14863598930644573
F Dickinson,SE Missouri St,0.46879183015692205
F Dickinson,St Mary's CA,0.034994591725762914
F Dickinson,TAM C. Christi,0.3462747229752511
F Dickinson,TCU,0.036093212406710595
F Dickinson,Tennessee,0.023589293905746267
F Dickinson,Texas,0.0159253508312871
F Dickinson,Texas A&M,0.024697079498272823
F Dickinson,TX Southern,0.6828013533584512
F Dickinson,UCLA,0.019034202991889293
F Dickinson,Louisiana,0.13988923148990917
F Dickinson,UNC Asheville,0.2804936045740076
F Dickinson,USC,0.04624033097607705
F Dickinson,Utah St,0.05367679841973949
F Dickinson,VCU,0.0536704066945356
F Dickinson,Vermont,0.18062553623260968
F Dickinson,Virginia,0.021502493877312512
F Dickinson,West Virginia,0.039148693426644954
F Dickinson,Xavier,0.029368374007502696
FL Atlantic,Furman,0.601921046826916
FL Atlantic,Gonzaga,0.19481569493144646
FL Atlantic,Grand Canyon,0.7129415210828675
FL Atlantic,Houston,0.1582838778529625
FL Atlantic,Howard,0.9405871999877029
FL Atlantic,Illinois,0.2884953489838522
FL Atlantic,Indiana,0.2573396703377163
FL Atlantic,Iona,0.5830593055643185
FL Atlantic,Iowa,0.3070044286326765
FL Atlantic,Iowa St,0.3626373652488314
FL Atlantic,Kansas,0.21620316612118917
FL Atlantic,Kansas St,0.3979070879731724
FL Atlantic,Kennesaw,0.8469061062168689
FL Atlantic,Kent,0.505692886548818
FL Atlantic,Kentucky,0.26627723392798397
FL Atlantic,Marquette,0.1826032887159752
FL Atlantic,Maryland,0.35595938359127755
FL Atlantic,Memphis,0.3153869116235022
FL Atlantic,Miami FL,0.2731287176927033
FL Atlantic,Michigan St,0.4067997023794132
FL Atlantic,Mississippi St,0.3441219913948347
FL Atlantic,Missouri,0.23450278171977634
FL Atlantic,Montana St,0.7583016795886277
FL Atlantic,N Kentucky,0.7755543187558624
FL Atlantic,NC State,0.3818374622221897
FL Atlantic,Nevada,0.6284368085188576
FL Atlantic,Northwestern,0.4344543584810643
FL Atlantic,Oral Roberts,0.603503098116316
FL Atlantic,Penn St,0.37331701277907914
FL Atlantic,Pittsburgh,0.48239777230739334
FL Atlantic,Princeton,0.685864586100462
FL Atlantic,Providence,0.3271439243632599
FL Atlantic,Purdue,0.17888128665886216
FL Atlantic,San Diego St,0.3424623212975276
FL Atlantic,UC Santa Barbara,0.70673005384628
FL Atlantic,SE Missouri St,0.9241347808193743
FL Atlantic,St Mary's CA,0.3335782144788507
FL Atlantic,TAM C. Christi,0.8796838817900139
FL Atlantic,TCU,0.34074073243837066
FL Atlantic,Tennessee,0.25007814071390966
FL Atlantic,Texas,0.18259042354235877
FL Atlantic,Texas A&M,0.25900080827622596
FL Atlantic,TX Southern,0.9674400517905241
FL Atlantic,UCLA,0.21125030543226453
FL Atlantic,Louisiana,0.6918291051921274
FL Atlantic,UNC Asheville,0.8432855497960595
FL Atlantic,USC,0.40091247300124466
FL Atlantic,Utah St,0.4391263304562052
FL Atlantic,VCU,0.4390953371720061
FL Atlantic,Vermont,0.752646949363346
FL Atlantic,Virginia,0.23273093250315557
FL Atlantic,West Virginia,0.35995536921795357
FL Atlantic,Xavier,0.29460262577373364
Furman,Gonzaga,0.13967384487095935
Furman,Grand Canyon,0.6249773878706154
Furman,Houston,0.11204335815781863
Furman,Howard,0.9139628205886628
Furman,Illinois,0.2138811860870513
Furman,Indiana,0.1886469218969694
Furman,Iona,0.48409552129974887
Furman,Iowa,0.2291449229342979
Furman,Iowa St,0.2762939960990568
Furman,Kansas,0.1561819001981133
Furman,Kansas St,0.3072137948979591
Furman,Kennesaw,0.7877730998240982
Furman,Kent,0.40704089653424214
Furman,Kentucky,0.1958278267825525
Furman,Marquette,0.13035848221100255
Furman,Maryland,0.2705311420876818
Furman,Memphis,0.2361258785891448
Furman,Miami FL,0.20136408485286705
Furman,Michigan St,0.31514042641500684
Furman,Mississippi St,0.2603860763421365
Furman,Missouri,0.1705064187026717
Furman,Montana St,0.6779587197488621
Furman,N Kentucky,0.698667364994866
Furman,NC State,0.2930243110564732
Furman,Nevada,0.5315909210269629
Furman,Northwestern,0.3401368552458115
Furman,Oral Roberts,0.5052744664881625
Furman,Penn St,0.2855701406807196
Furman,Pittsburgh,0.3847529823660114
Furman,Princeton,0.5943244707788575
Furman,Providence,0.24598985265098428
Furman,Purdue,0.1275352327290098
Furman,San Diego St,0.25897079827074065
Furman,UC Santa Barbara,0.617882692635757
Furman,SE Missouri St,0.8909921088560973
Furman,St Mary's CA,0.2514244257964888
Furman,TAM C. Christi,0.8306802103127655
Furman,TCU,0.25750455851443665
Furman,Tennessee,0.18284651149580933
Furman,Texas,0.13034871092387146
Furman,Texas A&M,0.18997807411630718
Furman,TX Southern,0.952238070635113
Furman,UCLA,0.15233678906683157
Furman,Louisiana,0.6010159870902391
Furman,UNC Asheville,0.7831122272697862
Furman,USC,0.30988673516593457
Furman,Utah St,0.3444122433511809
Furman,VCU,0.3443838303370427
Furman,Vermont,0.6712392371742919
Furman,Virginia,0.16911128874850256
Furman,West Virginia,0.2739760800711011
Furman,Xavier,0.218894870825886
Gonzaga,Grand Canyon,0.9133914538661884
Gonzaga,Houston,0.4439860871626089
Gonzaga,Howard,0.9853426462558178
Gonzaga,Illinois,0.632591278674929
Gonzaga,Indiana,0.5953701732692381
Gonzaga,Iona,0.8558693452655487
Gonzaga,Iowa,0.6529181550791381
Gonzaga,Iowa St,0.7072607577251961
Gonzaga,Kansas,0.5394481695808893
Gonzaga,Kansas St,0.737276213158237
Gonzaga,Kennesaw,0.9591676422474905
Gonzaga,Kent,0.8128787465203913
Gonzaga,Kentucky,0.6064607849282854
Gonzaga,Marquette,0.48681406675175476
Gonzaga,Maryland,0.7012185932397383
Gonzaga,Memphis,0.6617268014942601
Gonzaga,Miami FL,0.6147318029944843
Gonzaga,Michigan St,0.7443765243537444
Gonzaga,Mississippi St,0.6902041765311044
Gonzaga,Missouri,0.5653722565357409
Gonzaga,Montana St,0.9301790876264087
Gonzaga,N Kentucky,0.936195279139155
Gonzaga,NC State,0.7239811511349887
Gonzaga,Nevada,0.8777795539503062
Gonzaga,Northwestern,0.7653705252974417
Gonzaga,Oral Roberts,0.8660104948964695
Gonzaga,Penn St,0.716677424594639
Gonzaga,Pittsburgh,0.7982857596789835
Gonzaga,Princeton,0.9026400276084766
Gonzaga,Providence,0.6736898124892173
Gonzaga,Purdue,0.48053666268738804
Gonzaga,San Diego St,0.6886278505075594
Gonzaga,UC Santa Barbara,0.9109757825666259
Gonzaga,SE Missouri St,0.9810338694288137
Gonzaga,St Mary's CA,0.6800512173454538
Gonzaga,TAM C. Christi,0.9687955420792739
Gonzaga,TCU,0.6869841932711306
Gonzaga,Tennessee,0.5860978161091079
Gonzaga,Texas,0.4867925328156215
Gonzaga,Texas A&M,0.5974579284664068
Gonzaga,TX Southern,0.9921364548722589
Gonzaga,UCLA,0.5321175387586383
Gonzaga,Louisiana,0.905058364123654
Gonzaga,UNC Asheville,0.9580705459767865
Gonzaga,USC,0.739695790888626
Gonzaga,Utah St,0.7687637965810703
Gonzaga,VCU,0.7687414258675549
Gonzaga,Vermont,0.9281646330086591
Gonzaga,Virginia,0.5629388888804849
Gonzaga,West Virginia,0.7048486334367586
Gonzaga,Xavier,0.639436382672898
Grand Canyon,Houston,0.06858019068621768
Grand Canyon,Howard,0.8610861968684724
Grand Canyon,Illinois,0.13700911566252194
Grand Canyon,Indiana,0.11946612199454865
Grand Canyon,Iona,0.3538156629638962
Grand Canyon,Iowa,0.14781840550416192
Grand Canyon,Iowa St,0.18218863257626228
Grand Canyon,Kansas,0.09747636201577237
Grand Canyon,Kansas St,0.20556858724185956
Grand Canyon,Kennesaw,0.684144590082097
Grand Canyon,Kent,0.2860020430255107
Grand Canyon,Kentucky,0.1244174565327768
Grand Canyon,Marquette,0.08043419238217875
Grand Canyon,Maryland,0.17790608571711475
Grand Canyon,Memphis,0.15281289029891132
Grand Canyon,Miami FL,0.12825685286882582
Grand Canyon,Michigan St,0.21167391626253917
Grand Canyon,Mississippi St,0.1704230120202982
Grand Canyon,Missouri,0.10709998154435918
Grand Canyon,Montana St,0.5512536606476286
Grand Canyon,N Kentucky,0.575002382970105
Grand Canyon,NC State,0.19475408117555504
Grand Canyon,Nevada,0.39839978469574455
Grand Canyon,Northwestern,0.23123447342454406
Grand Canyon,Oral Roberts,0.3734204534284753
Grand Canyon,Penn St,0.1891310133558407
Grand Canyon,Pittsburgh,0.2673534748382185
Grand Canyon,Princeton,0.46088071129605535
Grand Canyon,Providence,0.15992517453582955
Grand Canyon,Purdue,0.07859446451626007
Grand Canyon,San Diego St,0.16938472638125812
Grand Canyon,UC Santa Barbara,0.48547948268716334
Grand Canyon,SE Missouri St,0.8266753912186056
Grand Canyon,St Mary's CA,0.16387158641144817
Grand Canyon,TAM C. Christi,0.7411177785504792
Grand Canyon,TCU,0.16831049986228308
Grand Canyon,Tennessee,0.11549006278657359
Grand Canyon,Texas,0.08042781718141467
Grand Canyon,Texas A&M,0.12038154183934491
Grand Canyon,TX Southern,0.9208474098583934
Grand Canyon,UCLA,0.09491397910999122
Grand Canyon,Louisiana,0.467802318429265
Grand Canyon,UNC Asheville,0.6781377093785492
Grand Canyon,USC,0.20762219369154944
Grand Canyon,Utah St,0.23462772706947876
Grand Canyon,VCU,0.23460512990481686
Grand Canyon,Vermont,0.5436699250975661
Grand Canyon,Virginia,0.1061572640136027
Grand Canyon,West Virginia,0.18046333112431068
Grand Canyon,Xavier,0.14054296947859757
Houston,Howard,0.9885342344380476
Houston,Illinois,0.6882949206072129
Houston,Indiana,0.6536270908275117
Houston,Iona,0.8839324022639758
Houston,Iowa,0.7069675642381108
Houston,Iowa St,0.7560100215415184
Houston,Kansas,0.6003519113079525
Houston,Kansas St,0.7825637484869358
Houston,Kennesaw,0.9678729145215742
Houston,Kent,0.847824016289281
Houston,Kentucky,0.6640220138257296
Houston,Marquette,0.5488571922719695
Houston,Maryland,0.7506192631139336
Houston,Memphis,0.7150032372935329
Houston,Miami FL,0.6717380821611305
Houston,Michigan St,0.7887907515949076
Houston,Mississippi St,0.7407526865219338
Houston,Missouri,0.625229463103943
Houston,Montana St,0.9447083252604731
Houston,N Kentucky,0.9495405032787114
Houston,NC State,0.7708481494537244
Houston,Nevada,0.9020647228506998
Houston,Northwestern,0.8070824304429562
Houston,Oral Roberts,0.8923473732237447
Houston,Penn St,0.7643809646438469
Houston,Pittsburgh,0.8354044735852245
Houston,Princeton,0.922422003159413
Houston,Providence,0.7258626746281212
Houston,Purdue,0.5426256836979312
Houston,San Diego St,0.7393364288554307
Houston,UC Santa Barbara,0.9291969203097529
Houston,SE Missouri St,0.9851495386137458
Houston,St Mary's CA,0.7316121719289466
Houston,TAM C. Christi,0.9755006188774281
Houston,TCU,0.737858552152411
Houston,Tennessee,0.6448934755694968
Houston,Texas,0.5488358489862419
Houston,Texas A&M,0.6555881439570183
Houston,TX Southern,0.9938579359690353
Houston,UCLA,0.5932597615855644
Houston,Louisiana,0.9243901321894842
Houston,UNC Asheville,0.9670016674248408
Houston,USC,0.7846880493560326
Houston,Utah St,0.8100221898493426
Houston,VCU,0.8100028241523914
Houston,Vermont,0.9430874162108146
Houston,Virginia,0.6229076985655798
Houston,West Virginia,0.7538597889387496
Houston,Xavier,0.6946032437664904
Howard,Illinois,0.025578927343054447
Howard,Indiana,0.021940987096722098
Howard,Iona,0.08301827662577854
Howard,Iowa,0.02788099091657681
Howard,Iowa St,0.0355263749609912
Howard,Kansas,0.017544699457759272
Howard,Kansas St,0.04102966054239654
Howard,Kennesaw,0.26369850413600104
Howard,Kent,0.06211737072033763
Howard,Kentucky,0.022955717842405576
Howard,Marquette,0.014256542093484592
Howard,Maryland,0.03454566169997253
Howard,Memphis,0.028960752399655898
Howard,Miami FL,0.023749032430688932
Howard,Michigan St,0.04250971850609264
Howard,Mississippi St,0.032851639344743666
Howard,Missouri,0.019446887102518517
Howard,Montana St,0.16882457590383693
Howard,N Kentucky,0.18280953581643933
Howard,NC State,0.03845221081933059
Howard,Nevada,0.0986909337128461
Howard,Northwestern,0.047377477302947835
Howard,Oral Roberts,0.08970120211493915
Howard,Penn St,0.03713388340628776
Howard,Pittsburgh,0.05690361103029373
Howard,Princeton,0.12384463384449129
Howard,Providence,0.030516293531601568
Howard,Purdue,0.01390756743519439
Howard,San Diego St,0.0326185386840564
Howard,UC Santa Barbara,0.13495777136581943
Howard,SE Missouri St,0.4409094112016462
Howard,St Mary's CA,0.03138864989100443
Howard,TAM C. Christi,0.3212721506541397
Howard,TCU,0.03237786383971275
Howard,Tennessee,0.02113284956541417
Howard,Texas,0.01425533080950625
Howard,Texas A&M,0.022127891461566462
Howard,TX Southern,0.6579560367466857
Howard,UCLA,0.017043818004965683
Howard,Louisiana,0.12689595995830938
Howard,UNC Asheville,0.25836356169840347
Howard,USC,0.041525460711137385
Howard,Utah St,0.04824202602765637
Howard,VCU,0.04823624847690999
Howard,Vermont,0.16457253909236513
Howard,Virginia,0.019259069857600286
Howard,West Virginia,0.035130284036020365
Howard,Xavier,0.026326357627258434
Illinois,Indiana,0.46201482973316477
Illinois,Iona,0.7760775737848884
Illinois,Iowa,0.5233446277833933
Illinois,Iowa St,0.5850823280680275
Illinois,Kansas,0.4060488969685284
Illinois,Kansas St,0.6209105050367687
Illinois,Kennesaw,0.9320203531437177
Illinois,Kent,0.7171524575750604
Illinois,Kentucky,0.47352843264740596
Illinois,Marquette,0.3563594095351992
Illinois,Maryland,0.5780229700804356
Illinois,Memphis,0.5330901177612872
Illinois,Miami FL,0.4822079293348138
Illinois,Michigan St,0.6295756330013162
Illinois,Mississippi St,0.5652825214604364
Illinois,Missouri,0.43156956051799444
Illinois,Montana St,0.8860485079733291
Illinois,N Kentucky,0.8954398164040929
Illinois,NC State,0.6048826074111183
Illinois,Nevada,0.8073876696717215
Illinois,Northwestern,0.6556362846735835
Illinois,Oral Roberts,0.7904584151115899
Illinois,Penn St,0.5961852086169162
Illinois,Pittsburgh,0.6978688228200058
Illinois,Princeton,0.844022047752732
Illinois,Providence,0.5464845366164995
Illinois,Purdue,0.350614904542368
Illinois,San Diego St,0.5634725747477523
Illinois,UC Santa Barbara,0.8565791191426443
Illinois,SE Missouri St,0.9679383405485454
Illinois,St Mary's CA,0.553682903775245
Illinois,TAM C. Christi,0.9477003113654141
Illinois,TCU,0.5615888616121645
Illinois,Tennessee,0.45249678035762664
Illinois,Texas,0.3563396392775128
Illinois,Texas A&M,0.46417139710991306
Illinois,TX Southern,0.9866022263490589
Illinois,UCLA,0.39896069526456646
Illinois,Louisiana,0.8476506538071722
Illinois,UNC Asheville,0.9302468991470825
Illinois,USC,0.6238550111041697
Illinois,Utah St,0.6599113828731408
Illinois,VCU,0.6598831403918484
Illinois,Vermont,0.8829210689648809
Illinois,Virginia,0.42914345961878986
Illinois,West Virginia,0.5822580962350896
Illinois,Xavier,0.5086176487374646
Indiana,Iona,0.8092675809120302
Indiana,Iowa,0.5734036745527702
Indiana,Iowa St,0.6332018997757214
Indiana,Kansas,0.455612636447723
Indiana,Kansas St,0.667238150826983
Indiana,Kennesaw,0.9437710375211592
Indiana,Kent,0.7563342014012626
Indiana,Kentucky,0.5240613877233711
Indiana,Marquette,0.403983247535066
Indiana,Maryland,0.626438521012054
Indiana,Memphis,0.582941305077352
Indiana,Miami FL,0.5327298739602181
Indiana,Michigan St,0.6753979332084501
Indiana,Mississippi St,0.6141841494919822
Indiana,Missouri,0.4817219170127388
Indiana,Montana St,0.9049351649392084
Indiana,N Kentucky,0.9129229006455242
Indiana,NC State,0.6520714053759529
Indiana,Nevada,0.8369121012253784
Indiana,Northwestern,0.6997721505110834
Indiana,Oral Roberts,0.822005751166264
Indiana,Penn St,0.6438010561734564
Indiana,Pittsburgh,0.7387487300632835
Indiana,Princeton,0.8688432172977927
Indiana,Providence,0.5959894473062365
Indiana,Purdue,0.3979456927039978
Indiana,San Diego St,0.6124382137699644
Indiana,UC Santa Barbara,0.8796868935237719
Indiana,SE Missouri St,0.9736558790654843
Indiana,St Mary's CA,0.6029729176992686
Indiana,TAM C. Christi,0.9568660583494039
Indiana,TCU,0.6106197838570704
Indiana,Tennessee,0.5029293723354651
Indiana,Texas,0.403962493417129
Indiana,Texas A&M,0.5146819912393743
Indiana,TX Southern,0.9890291680708159
Indiana,UCLA,0.44831228219251185
Indiana,Louisiana,0.8719819762772073
Indiana,UNC Asheville,0.9422851524808812
Indiana,USC,0.6700140550528346
Indiana,Utah St,0.7037469073512026
Indiana,VCU,0.7037206707894077
Indiana,Vermont,0.9022689028301495
Indiana,Virginia,0.47925158437971604
Indiana,West Virginia,0.6304983528672996
Indiana,Xavier,0.5589198129565346
Iona,Iowa,0.25509577780505144
Iona,Iowa St,0.3054685586271042
Iona,Kansas,0.17575360921820182
Iona,Kansas St,0.3381278389512308
Iona,Kennesaw,0.8104724996898336
Iona,Kent,0.4415971511493533
Iona,Kentucky,0.21907783692454597
Iona,Marquette,0.14725890166603472
Iona,Maryland,0.2993488923035137
Iona,Memphis,0.2625980085824122
Iona,Miami FL,0.2250874185950159
Iona,Michigan St,0.34645321836478493
Iona,Mississippi St,0.28855062234455664
Iona,Missouri,0.1914658782138856
Iona,Montana St,0.7080507574666148
Iona,N Kentucky,0.7276018408625906
Iona,NC State,0.3231765818125869
Iona,Nevada,0.5666169177609592
Iona,Northwestern,0.37258213807709906
Iona,Oral Roberts,0.5405675808383943
Iona,Penn St,0.3152974586910555
Iona,Pittsburgh,0.418753338063128
Iona,Princeton,0.6279426717556511
Iona,Providence,0.2731723664222089
Iona,Purdue,0.1441302927680742
Iona,San Diego St,0.2870416723106207
Iona,UC Santa Barbara,0.6506960398226425
Iona,SE Missouri St,0.9039968136719048
Iona,St Mary's CA,0.2789852750051558
Iona,TAM C. Christi,0.8496661321765124
Iona,TCU,0.28547772857238785
Iona,Tennessee,0.20494808334805903
Iona,Texas,0.14724807806940232
Iona,Texas A&M,0.21271727490826287
Iona,TX Southern,0.9582782404696146
Iona,UCLA,0.17152459905202866
Iona,Louisiana,0.6344207614221997
Iona,UNC Asheville,0.8061874971326934
Iona,USC,0.34093738253238426
Iona,Utah St,0.3770323281319915
Iona,VCU,0.37700277157963846
Iona,Vermont,0.7016828729121333
Iona,Virginia,0.18993852163282443
Iona,West Virginia,0.30300836435299505
Iona,Xavier,0.24405241606740324
Iowa,Iowa St,0.5714908988136449
Iowa,Kansas,0.39268036386211225
Iowa,Kansas St,0.6077057909377247
Iowa,Kennesaw,0.9284028472628542
Iowa,Kent,0.705711212063785
Iowa,Kentucky,0.45965757790189155
Iowa,Marquette,0.34368021025041007
Iowa,Maryland,0.5643724715989408
Iowa,Memphis,0.5191951491483291
Iowa,Miami FL,0.4683089866129101
Iowa,Michigan St,0.6164863195194001
Iowa,Mississippi St,0.5515396427527728
Iowa,Missouri,0.41795205168030136
Iowa,Montana St,0.880298823461709
Iowa,N Kentucky,0.8901052200590033
Iowa,NC State,0.5914869150037316
Iowa,Nevada,0.7985712624610104
Iowa,Northwestern,0.6429455874492129
Iowa,Oral Roberts,0.7810772220140123
Iowa,Penn St,0.5826980742727597
Iowa,Pittsburgh,0.685989091177934
Iowa,Princeton,0.8365430161176193
Iowa,Providence,0.5326387157572103
Iowa,Purdue,0.33803275117595044
Iowa,San Diego St,0.5497180555608003
Iowa,UC Santa Barbara,0.8495948951748988
Iowa,SE Missouri St,0.9661628016655288
Iowa,St Mary's CA,0.5398718106934117
Iowa,TAM C. Christi,0.9448678496202263
Iowa,TCU,0.5478226190605838
Iowa,Tennessee,0.4387286013765904
Iowa,Texas,0.34366076783469046
Iowa,Texas A&M,0.4503401778584901
Iowa,TX Southern,0.9858451577699084
Iowa,UCLA,0.38567399588535467
Iowa,Louisiana,0.8403126928563227
Iowa,UNC Asheville,0.926542457808416
Iowa,USC,0.6106885537036633
Iowa,Utah St,0.6472934792422211
Iowa,VCU,0.6472647490080882
Iowa,Vermont,0.8770354818764485
Iowa,Virginia,0.4155465400129482
Iowa,West Virginia,0.5686423600468026
Iowa,Xavier,0.49468473522310574
Iowa St,Kansas,0.33918800676961636
Iowa St,Kansas St,0.5515222790790073
Iowa St,Kennesaw,0.9114569014411711
Iowa St,Kent,0.6556094665891072
Iowa St,Kentucky,0.40309714651281203
Iowa St,Marquette,0.29363551925218256
Iowa St,Maryland,0.5070173670304332
Iowa St,Memphis,0.4615666644580104
Iowa St,Miami FL,0.41149470779317454
Iowa St,Michigan St,0.5606511894124633
Iowa St,Mississippi St,0.49400975726833984
Iowa St,Missouri,0.36307519072716854
Iowa St,Montana St,0.8537608011815513
Iowa St,N Kentucky,0.8654088944586098
Iowa St,NC State,0.534758861018285
Iowa St,Nevada,0.7588770861217804
Iowa St,Northwestern,0.5883906466241928
Iowa St,Oral Roberts,0.7390620837802311
Iowa St,Penn St,0.5257281615161149
Iowa St,Pittsburgh,0.6342697857612705
Iowa St,Princeton,0.8024808635437913
Iowa St,Providence,0.4749921914582361
Iowa St,Purdue,0.2884489916832642
Iowa St,San Diego St,0.4921696511215542
Iowa St,UC Santa Barbara,0.8176597340178495
Iowa St,SE Missouri St,0.957747314460492
Iowa St,St Mary's CA,0.4822502251992814
Iowa St,TAM C. Christi,0.9315315172790979
Iowa St,TCU,0.4902565988076022
Iowa St,Tennessee,0.3829184580878233
Iowa St,Texas,0.2936176413824758
Iowa St,Texas A&M,0.39409006437976035
Iowa St,TX Southern,0.9822347665917005
Iowa St,UCLA,0.3326133534187731
Iowa St,Louisiana,0.8068547169747525
Iowa St,UNC Asheville,0.909199251633725
Iowa St,USC,0.5546191476055644
Iowa St,Utah St,0.5929823102313441
Iowa St,VCU,0.5929519380140187
Iowa St,Vermont,0.8498973340802786
Iowa St,Virginia,0.3607897425298031
Iowa St,West Virginia,0.5113626960651385
Iowa St,Xavier,0.43730240180569047
Kansas,Kansas St,0.7148937077246454
Kansas,Kennesaw,0.9545229317160823
Kansas,Kent,0.7951475248930855
Kansas,Kentucky,0.5792930063379752
Kansas,Marquette,0.45875803428230777
Kansas,Maryland,0.6771095307156385
Kansas,Memphis,0.6360848842724041
Kansas,Miami FL,0.5877468717699593
Kansas,Michigan St,0.7223711403644109
Kansas,Mississippi St,0.6656301472886013
Kansas,Missouri,0.5375310026016868
Kansas,Montana St,0.9225033293327598
Kansas,N Kentucky,0.9291305198738572
Kansas,NC State,0.7009254466941582
Kansas,Nevada,0.8651781985497102
Kansas,Northwestern,0.7445522112893292
Kansas,Oral Roberts,0.8523997490354316
Kansas,Penn St,0.6932701155406907
Kansas,Pittsburgh,0.7795467534783231
Kansas,Princeton,0.8922873425322215
Kansas,Providence,0.6484729904497368
Kansas,Purdue,0.4525233952747644
Kansas,San Diego St,0.6639896544819083
Kansas,UC Santa Barbara,0.9014126616401452
Kansas,SE Missouri St,0.9788215385449014
Kansas,St Mary's CA,0.6550742991351991
Kansas,TAM C. Christi,0.9652062846149995
Kansas,TCU,0.6622797224257184
Kansas,Tennessee,0.5585475560622319
Kansas,Texas,0.45873663202141624
Kansas,Texas A&M,0.5701091990400569
Kansas,TX Southern,0.9912075936495078
Kansas,UCLA,0.5040148467257788
Kansas,Louisiana,0.8949328982907658
Kansas,UNC Asheville,0.9533071150665738
Kansas,USC,0.7174404188073951
Kansas,Utah St,0.748147489154066
Kansas,VCU,0.7481237774118998
Kansas,Vermont,0.9202863941337801
Kansas,Virginia,0.5350699425336463
Kansas,West Virginia,0.6808991889678563
Kansas,Xavier,0.6130927355033521
Kansas St,Kennesaw,0.8978085285778656
Kansas St,Kent,0.6190086830992081
Kansas St,Kentucky,0.3656270814802415
Kansas St,Marquette,0.2618764521204163
Kansas St,Maryland,0.4674523461009137
Kansas St,Memphis,0.4225086649054387
Kansas St,Miami FL,0.37373279243513835
Kansas St,Michigan St,0.5213268038464512
Kansas St,Mississippi St,0.4545239224767168
Kansas St,Missouri,0.32728554301005197
Kansas St,Montana St,0.8328498895111169
Kansas St,N Kentucky,0.8458628559164135
Kansas St,NC State,0.4952035928480032
Kansas St,Nevada,0.7287098475561387
Kansas St,Northwestern,0.5495543072831287
Kansas St,Oral Roberts,0.7073717134009151
Kansas St,Penn St,0.4861428829207072
Kansas St,Pittsburgh,0.5967958692519018
Kansas St,Princeton,0.7761598395132477
Kansas St,Providence,0.4357174651581347
Kansas St,Purdue,0.2570467538777895
Kansas St,San Diego St,0.45269930663176416
Kansas St,UC Santa Barbara,0.7928392546728997
Kansas St,SE Missouri St,0.9508495468709389
Kansas St,St Mary's CA,0.44288162138581066
Kansas St,TAM C. Christi,0.9207083290406303
Kansas St,TCU,0.450803482671858
Kansas St,Tennessee,0.34623609288415347
Kansas St,Texas,0.26185979105970414
Kansas St,Texas A&M,0.3569565645621907
Kansas St,TX Southern,0.9792479673488496
Kansas St,UCLA,0.29841956346748355
Kansas St,Louisiana,0.7809574511200144
Kansas St,UNC Asheville,0.8952428732232085
Kansas St,USC,0.5152216968204869
Kansas St,Utah St,0.5542509985514421
Kansas St,VCU,0.5542199088735464
Kansas St,Vermont,0.828544923951755
Kansas St,Virginia,0.32511038586128393
Kansas St,West Virginia,0.47178309350682823
Kansas St,Xavier,0.3987769658382714
Kennesaw,Kent,0.1534593948598726
Kennesaw,Kentucky,0.06042141016169755
Kennesaw,Marquette,0.038077758767703584
Kennesaw,Maryland,0.08920019817746772
Kennesaw,Memphis,0.07547013328355023
Kennesaw,Miami FL,0.06242675538415454
Kennesaw,Michigan St,0.10835010394869582
Kennesaw,Mississippi St,0.08506220367339024
Kennesaw,Missouri,0.05148765049609616
Kennesaw,Montana St,0.3572996679078031
Kennesaw,N Kentucky,0.37976391714483104
Kennesaw,NC State,0.09865571838218834
Kennesaw,Nevada,0.23059081290242234
Kennesaw,Northwestern,0.11981377917445135
Kennesaw,Oral Roberts,0.212417951803754
Kennesaw,Penn St,0.09547827860582292
Kennesaw,Pittsburgh,0.14173756402589455
Kennesaw,Princeton,0.27895750199881086
Kennesaw,Providence,0.07931972878430249
Kennesaw,Purdue,0.037167669260781744
Kennesaw,San Diego St,0.08449100400920573
Kennesaw,UC Santa Barbara,0.29923582893337664
Kennesaw,SE Missouri St,0.68339214718718
Kennesaw,St Mary's CA,0.08146996995994582
Kennesaw,TAM C. Christi,0.5643770116021941
Kennesaw,TCU,0.08390078473756668
Kennesaw,Tennessee,0.055793354598555056
Kennesaw,Texas,0.03807460172755461
Kennesaw,Texas A&M,0.058323151254414674
Kennesaw,TX Southern,0.8403823655587688
Kennesaw,UCLA,0.04530822267609691
Kennesaw,Louisiana,0.2845891950363526
Kennesaw,UNC Asheville,0.48809864210215426
Kennesaw,USC,0.10601017883145614
Kennesaw,Utah St,0.12183110401277342
Kennesaw,VCU,0.12181764131928952
Kennesaw,Vermont,0.3503012927974629
Kennesaw,Virginia,0.05100648176954026
Kennesaw,West Virginia,0.090622929952905
Kennesaw,Xavier,0.06890525628392152
Kent,Kentucky,0.26759571614897293
Kent,Marquette,0.1836111367010952
Kent,Maryland,0.3575055605057752
Kent,Memphis,0.3168435548765415
Kent,Miami FL,0.2744684346142151
Kent,Michigan St,0.4084266687608371
Kent,Mississippi St,0.34564434539384403
Kent,Missouri,0.2357144758330455
Kent,Montana St,0.7595344557827194
Kent,N Kentucky,0.7767250081074663
Kent,NC State,0.38342912443761246
Kent,Nevada,0.6300087718368108
Kent,Northwestern,0.43611061440028764
Kent,Oral Roberts,0.6051142642161231
Kent,Penn St,0.3748946979003006
Kent,Pittsburgh,0.48408035618380163
Kent,Princeton,0.6873144776470796
Kent,Providence,0.32862880289983687
Kent,Purdue,0.17987311228620495
Kent,San Diego St,0.343981183789848
Kent,UC Santa Barbara,0.7081246240526914
Kent,SE Missouri St,0.9246058258961931
Kent,St Mary's CA,0.3350777539719122
Kent,TAM C. Christi,0.8803952011105398
Kent,TCU,0.34225593381640385
Kent,Tennessee,0.25134388935770824
Kent,Texas,0.18359821646948205
Kent,Texas A&M,0.26029604284439367
Kent,TX Southern,0.9676516275280531
Kent,UCLA,0.21237518518891818
Kent,Louisiana,0.6932637792863785
Kent,UNC Asheville,0.8441739407170339
Kent,USC,0.4025318712919107
Kent,Utah St,0.44078651543106073
Kent,VCU,0.44075549705237804
Kent,Vermont,0.7538992069862213
Kent,Virginia,0.23393626919192245
Kent,West Virginia,0.36150916054155025
Kent,Xavier,0.29600477968947103
Kentucky,Marquette,0.38909154694584014
Kentucky,Maryland,0.6117634686696172
Kentucky,Memphis,0.5677365964203945
Kentucky,Miami FL,0.517210667077665
Kentucky,Michigan St,0.6616072566164217
Kentucky,Mississippi St,0.5993355952191934
Kentucky,Missouri,0.46620609379373945
Kentucky,Montana St,0.8994444577729251
Kentucky,N Kentucky,0.9078465637005046
Kentucky,NC State,0.6378211363615226
Kentucky,Nevada,0.828238268084777
Kentucky,Northwestern,0.686536399859474
Kentucky,Oral Roberts,0.8127165343737148
Kentucky,Penn St,0.6294045684443871
Kentucky,Pittsburgh,0.7265598490449814
Kentucky,Princeton,0.8615867739079696
Kentucky,Providence,0.5809184527120606
Kentucky,Purdue,0.383133484419627
Kentucky,San Diego St,0.5975664931005056
Kentucky,UC Santa Barbara,0.872942658589106
Kentucky,SE Missouri St,0.972011548350168
Kentucky,St Mary's CA,0.5879823373804391
Kentucky,TAM C. Christi,0.9542230224004947
Kentucky,TCU,0.5957243463283243
Kentucky,Tennessee,0.4873728170335564
Kentucky,Texas,0.3890710584615884
Kentucky,Texas A&M,0.4991269398134739
Kentucky,TX Southern,0.9883328994110662
Kentucky,UCLA,0.43297357557942917
Kentucky,Louisiana,0.8648721812585192
Kentucky,UNC Asheville,0.9388058086046464
Kentucky,USC,0.65611110808769
Kentucky,Utah St,0.6906089119863723
Kentucky,VCU,0.6905820234730979
Kentucky,Vermont,0.8966417879340951
Kentucky,Virginia,0.4637441333292355
Kentucky,West Virginia,0.6158849944958709
Kentucky,Xavier,0.5435251140573516
Marquette,Maryland,0.7187551035875044
Marquette,Memphis,0.6805251829252881
Marquette,Miami FL,0.6347000699116971
Marquette,Michigan St,0.7602460361555364
Marquette,Mississippi St,0.7081180664002025
Marquette,Missouri,0.5861766285185437
Marquette,Montana St,0.9355129769800581
Marquette,N Kentucky,0.941098671430611
Marquette,NC State,0.7406757320873858
Marquette,Nevada,0.8866285549708508
Marquette,Northwestern,0.7803213350867051
Marquette,Oral Roberts,0.8755908289751405
Marquette,Penn St,0.7336512411458198
Marquette,Pittsburgh,0.8116553118667905
Marquette,Princeton,0.9098738911465029
Marquette,Providence,0.6921326891009256
Marquette,Purdue,0.5018236751634901
Marquette,San Diego St,0.7065941429516348
Marquette,UC Santa Barbara,0.9176468048002153
Marquette,SE Missouri St,0.9825556237668983
Marquette,St Mary's CA,0.6982955681565963
Marquette,TAM C. Christi,0.9712704867905311
Marquette,TCU,0.7050046978331679
Marquette,Tennessee,0.6066004234191029
Marquette,Texas,0.5080856151190316
Marquette,Texas A&M,0.6177648039264372
Marquette,TX Southern,0.9927739508125031
Marquette,UCLA,0.5532559086533393
Marquette,Louisiana,0.9121300365394388
Marquette,UNC Asheville,0.9613622055867457
Marquette,USC,0.7557605446326777
Marquette,Utah St,0.7835595298646992
Marquette,VCU,0.783538187508827
Marquette,Vermont,0.9336414357511214
Marquette,Virginia,0.5837739880447748
Marquette,West Virginia,0.7222564743284334
Marquette,Xavier,0.6588348368746295
Maryland,Memphis,0.4522419168328654
Maryland,Miami FL,0.40242548273276524
Maryland,Michigan St,0.5513745535975152
Maryland,Mississippi St,0.4846195027677833
Maryland,Missouri,0.35443041983359336
Maryland,Montana St,0.8490062555232016
Maryland,N Kentucky,0.8609713837864019
Maryland,NC State,0.5253983163490392
Maryland,Nevada,0.7519340002098736
Maryland,Northwestern,0.5792601744166976
Maryland,Oral Roberts,0.7317501151014947
Maryland,Penn St,0.5163502514484933
Maryland,Pittsburgh,0.6255092849507418
Maryland,Princeton,0.7964565770903143
Maryland,Providence,0.46563077063929936
Maryland,Purdue,0.2807977144202801
Maryland,San Diego St,0.48278100098726473
Maryland,UC Santa Barbara,0.8119899363135585
Maryland,SE Missouri St,0.956200146524095
Maryland,St Mary's CA,0.47287459997775827
Maryland,TAM C. Christi,0.9290954718647516
Maryland,TCU,0.4808698860936885
Maryland,Tennessee,0.37407871015643723
Maryland,Texas,0.28588434679216856
Maryland,Texas A&M,0.38515338602259575
Maryland,TX Southern,0.981566999212559
Maryland,UCLA,0.32432455315903463
Maryland,Louisiana,0.8009307394596179
Maryland,UNC Asheville,0.9060487816824301
Maryland,USC,0.5453184385776974
Maryland,Utah St,0.5838816594064093
Maryland,VCU,0.58385108467361
Maryland,Vermont,0.8450399774154456
Maryland,Virginia,0.3521692999643896
Maryland,West Virginia,0.50196982070126
Maryland,Xavier,0.42807812285246694
Memphis,Miami FL,0.4619707005819824
Memphis,Michigan St,0.6104450870908595
Memphis,Mississippi St,0.5452300414559939
Memphis,Missouri,0.41176749036160487
Memphis,Montana St,0.8775880874823434
Memphis,N Kentucky,0.887588200065676
Memphis,NC State,0.5853167749148055
Memphis,Nevada,0.7944419127844516
Memphis,Northwestern,0.6370757836727532
Memphis,Oral Roberts,0.7766895265101559
Memphis,Penn St,0.5764902355410284
Memphis,Pittsburgh,0.6804752386793007
Memphis,Princeton,0.8330293389219235
Memphis,Providence,0.5262915879546661
Memphis,Purdue,0.3323555084076655
Memphis,San Diego St,0.5434040424502328
Memphis,UC Santa Barbara,0.8463102364573174
Memphis,SE Missouri St,0.9653199255463472
Memphis,St Mary's CA,0.5335368872183299
Memphis,TAM C. Christi,0.9435255277426075
Memphis,TCU,0.5415041954181017
Memphis,Tennessee,0.4324650305961839
Memphis,Texas,0.33793725684906284
Memphis,Texas A&M,0.44404198278479345
Memphis,TX Southern,0.9854851986174654
Memphis,UCLA,0.3796555176159262
Memphis,Louisiana,0.836864246355765
Memphis,UNC Asheville,0.9247894762234047
Memphis,USC,0.604614566668088
Memphis,Utah St,0.6414552927542574
Memphis,VCU,0.6414263504013933
Memphis,Vermont,0.8742614004912436
Memphis,Virginia,0.4093725386388175
Memphis,West Virginia,0.5623824607926524
Memphis,Xavier,0.4883173278663614
Miami FL,Michigan St,0.6554077590879324
Miami FL,Mississippi St,0.5926975869102975
Miami FL,Missouri,0.45935210805030424
Miami FL,Montana St,0.8969233858755402
Miami FL,N Kentucky,0.9055140157389283
Miami FL,NC State,0.631428628923141
Miami FL,Nevada,0.8242807270428666
Miami FL,Northwestern,0.6805731119791711
Miami FL,Oral Roberts,0.8084840558001902
Miami FL,Penn St,0.6229513250332114
Miami FL,Pittsburgh,0.7210485917143951
Miami FL,Princeton,0.8582661213888304
Miami FL,Providence,0.5741921002104722
Miami FL,Purdue,0.37663906355089405
Miami FL,San Diego St,0.5909191806689145
Miami FL,UC Santa Barbara,0.8698532905740767
Miami FL,SE Missouri St,0.971251686692158
Miami FL,St Mary's CA,0.5812876423836849
Miami FL,TAM C. Christi,0.9530035681457589
Miami FL,TCU,0.5890675304582211
Miami FL,Tennessee,0.4804877554703778
Miami FL,Texas,0.38253840510560755
Miami FL,Texas A&M,0.49223527294306946
Miami FL,TX Southern,0.988010682408116
Miami FL,UCLA,0.4262180520719234
Miami FL,Louisiana,0.8616176889896892
Miami FL,UNC Asheville,0.9372026828359359
Miami FL,USC,0.649864206894884
Miami FL,Utah St,0.6846875163307694
Miami FL,VCU,0.6846603481809788
Miami FL,Vermont,0.89405872548776
Miami FL,Virginia,0.4568953618235907
Miami FL,West Virginia,0.6093424515780347
Miami FL,Xavier,0.5366772684385568
Michigan St,Mississippi St,0.4470700977842683
Michigan St,Missouri,0.3206915851459139
Michigan St,Montana St,0.8286165013778903
Michigan St,N Kentucky,0.8418964802585052
Michigan St,NC State,0.4876790828073744
Michigan St,Nevada,0.7227170422611882
Michigan St,Northwestern,0.5420908109069624
Michigan St,Oral Roberts,0.7011008886427763
Michigan St,Penn St,0.4786255105919336
Michigan St,Pittsburgh,0.5895304768284191
Michigan St,Princeton,0.7708856490190321
Michigan St,Providence,0.42832987460977057
Michigan St,Purdue,0.2513392059690117
Michigan St,San Diego St,0.4452509798116362
Michigan St,UC Santa Barbara,0.7878506486798877
Michigan St,SE Missouri St,0.9494232326143683
Michigan St,St Mary's CA,0.43546630166661693
Michigan St,TAM C. Christi,0.9184823236328779
Michigan St,TCU,0.4433610796737658
Michigan St,Tennessee,0.3394529897423406
Michigan St,Texas,0.25608220912154656
Michigan St,Texas A&M,0.3500759003229057
Michigan St,TX Southern,0.9786272329952578
Michigan St,UCLA,0.29215460708316165
Michigan St,Louisiana,0.7757636448076436
Michigan St,UNC Asheville,0.892385519969741
Michigan St,USC,0.5076989357308058
Michigan St,Utah St,0.5468011466740557
Michigan St,VCU,0.5467699622899425
Michigan St,Vermont,0.8242255157903311
Michigan St,Virginia,0.31853950062561054
Michigan St,West Virginia,0.46428714152637096
Michigan St,Xavier,0.3915810655443642
Mississippi St,Missouri,0.37286078763876196
Mississippi St,Montana St,0.8589365995771596
Mississippi St,N Kentucky,0.8702350953802674
Mississippi St,NC State,0.5452107543300615
Mississippi St,Nevada,0.7664925943276072
Mississippi St,Northwestern,0.5985421988635593
Mississippi St,Oral Roberts,0.7470948546521218
Mississippi St,Penn St,0.5362069782092238
Mississippi St,Pittsburgh,0.6439744819200205
Mississippi St,Princeton,0.8090657064037128
Mississippi St,Providence,0.485494938689937
Mississippi St,Purdue,0.2971616615906788
Mississippi St,San Diego St,0.5026885452650558
Mississippi St,UC Santa Barbara,0.823849624657052
Mississippi St,SE Missouri St,0.9594176913933097
Mississippi St,St Mary's CA,0.4927628291361731
Mississippi St,TAM C. Christi,0.9341670456192412
Mississippi St,TCU,0.5007749249011015
Mississippi St,Tennessee,0.39290895115862634
Mississippi St,Texas,0.30242007806213145
Mississippi St,Texas A&M,0.404181118596195
Mississippi St,TX Southern,0.9829543094928204
Mississippi St,UCLA,0.34201881145800006
Mississippi St,Louisiana,0.8133276646294482
Mississippi St,UNC Asheville,0.9126137655504467
Mississippi St,USC,0.564987818021317
Mississippi St,Utah St,0.6030970078198505
Mississippi St,VCU,0.6030668851421069
Mississippi St,Vermont,0.8551866776347468
Mississippi St,Virginia,0.370549578139692
Mississippi St,West Virginia,0.521870249387176
Mississippi St,Xavier,0.44768240607994025
Missouri,Montana St,0.9177853112403945
Missouri,N Kentucky,0.924783070117295
Missouri,NC State,0.6872904441759498
Missouri,Nevada,0.8575092750421485
Missouri,Northwestern,0.7321461089263541
Missouri,Oral Roberts,0.8441349097828383
Missouri,Penn St,0.6794457149749318
Missouri,Pittsburgh,0.7683113365189079
Missouri,Princeton,0.8859571790449963
Missouri,Providence,0.6336963615281583
Missouri,Purdue,0.4366653465724458
Missouri,San Diego St,0.6495127475528851
Missouri,UC Santa Barbara,0.8955560105884679
Missouri,SE Missouri St,0.9774483705016357
Missouri,St Mary's CA,0.6404212916436721
Missouri,TAM C. Christi,0.9629837158643515
Missouri,TCU,0.6477682248952655
Missouri,Tennessee,0.5426567975778886
Missouri,Texas,0.44283696761258673
Missouri,Texas A&M,0.5543025262239853
Missouri,TX Southern,0.9906298241600269
Missouri,UCLA,0.4879606374260247
Missouri,Louisiana,0.8887388247230426
Missouri,UNC Asheville,0.950363534508049
Missouri,USC,0.7042406423240721
Missouri,Utah St,0.7358540492366323
Missouri,VCU,0.7358295887594011
Missouri,Vermont,0.9154457792069064
Missouri,Virginia,0.5190617569496937
Missouri,West Virginia,0.6667852146375766
Missouri,Xavier,0.5977514078420447
Montana St,N Kentucky,0.5281842827954655
Montana St,NC State,0.1667491792990653
Montana St,Nevada,0.35398435492631186
Montana St,Northwestern,0.1992820438210935
Montana St,Oral Roberts,0.3302610538446522
Montana St,Penn St,0.16177224617173025
Montana St,Pittsburgh,0.2319156987515849
Montana St,Princeton,0.41429657659696584
Montana St,Providence,0.13608216846489052
Montana St,Purdue,0.06592537894095085
Montana St,San Diego St,0.14437378329866357
Montana St,UC Santa Barbara,0.4384309855653954
Montana St,SE Missouri St,0.7978341037739247
Montana St,St Mary's CA,0.13953794410488407
Montana St,TAM C. Christi,0.7031519211567592
Montana St,TCU,0.14343078436147394
Montana St,Tennessee,0.09750292090424251
Montana St,Texas,0.06748484799669152
Montana St,Texas A&M,0.10172018224481505
Montana St,TX Southern,0.9058925063240838
Montana St,UCLA,0.07984221022654014
Montana St,Louisiana,0.42106498562383066
Montana St,UNC Asheville,0.6354785022915699
Montana St,USC,0.17817633973692715
Montana St,Utah St,0.2023298163174151
Montana St,VCU,0.20230950755903299
Montana St,Vermont,0.4964230739301497
Montana St,Virginia,0.0894766300666262
Montana St,West Virginia,0.15412007679594586
Montana St,Xavier,0.11917967682792507
N Kentucky,NC State,0.1533818054738747
N Kentucky,Nevada,0.3315802214763357
N Kentucky,Northwestern,0.18388221831684437
N Kentucky,Oral Roberts,0.30864105124825214
N Kentucky,Penn St,0.14873263044939855
N Kentucky,Pittsburgh,0.21467014896517145
N Kentucky,Princeton,0.39038193001500365
N Kentucky,Providence,0.12480497970344961
N Kentucky,Purdue,0.060057940946670496
N Kentucky,San Diego St,0.13251486243635213
N Kentucky,UC Santa Barbara,0.41410819185731673
N Kentucky,SE Missouri St,0.7813133582062717
N Kentucky,St Mary's CA,0.12801681022312572
N Kentucky,TAM C. Christi,0.6819780088090709
N Kentucky,TCU,0.13163740491346998
N Kentucky,Tennessee,0.08909310661486902
N Kentucky,Texas,0.06148775187754385
N Kentucky,Texas A&M,0.0929840978324512
N Kentucky,TX Southern,0.8970628544949028
N Kentucky,UCLA,0.07283273619971764
N Kentucky,Louisiana,0.3970244798636203
N Kentucky,UNC Asheville,0.6121401335287405
N Kentucky,USC,0.16407329037800011
N Kentucky,Utah St,0.18674939954858294
N Kentucky,VCU,0.18673028857192808
N Kentucky,Vermont,0.4715847616175468
N Kentucky,Virginia,0.08169643148958272
N Kentucky,West Virginia,0.1415930726466207
N Kentucky,Xavier,0.10912627258561514
NC State,Nevada,0.7383692598061165
NC State,Northwestern,0.5617563773425278
NC State,Oral Roberts,0.7174963410309223
NC State,Penn St,0.49849514137535544
NC State,Pittsburgh,0.6086295839774365
NC State,Princeton,0.7846290998684285
NC State,Providence,0.4479052802070155
NC State,Purdue,0.26659803192382936
NC State,San Diego St,0.46497072239115
NC State,UC Santa Barbara,0.8008393643586411
NC State,SE Missouri St,0.9531085297876193
NC State,St Mary's CA,0.4551082076888866
NC State,TAM C. Christi,0.9242422468982558
NC State,TCU,0.4630669890456164
NC State,Tennessee,0.35750672355844637
NC State,Texas,0.27152455009446674
NC State,Texas A&M,0.36837953000201384
NC State,TX Southern,0.9802288819541951
NC State,UCLA,0.3088690494109697
NC State,Louisiana,0.7892944665820597
NC State,UNC Asheville,0.8997882191944035
NC State,USC,0.5275542606935133
NC State,Utah St,0.5664262177914409
NC State,VCU,0.5663953129596055
NC State,Vermont,0.835452331597277
NC State,Virginia,0.3360468162860698
NC State,West Virginia,0.48411423306552337
NC State,Xavier,0.41068351602433795
Nevada,Northwestern,0.3056043317534314
Nevada,Oral Roberts,0.4658115217175226
Nevada,Penn St,0.25444135146077473
Nevada,Pittsburgh,0.34808020660705286
Nevada,Princeton,0.5557189882192569
Nevada,Providence,0.21785987550210795
Nevada,Purdue,0.1109576871352922
Nevada,San Diego St,0.22980882172880313
Nevada,UC Santa Barbara,0.5799345413827984
Nevada,SE Missouri St,0.8746648030799626
Nevada,St Mary's CA,0.22285666405919602
Nevada,TAM C. Christi,0.8072733442220954
Nevada,TCU,0.22845678853445317
Nevada,Tennessee,0.16040117493363004
Nevada,Texas,0.11345301365889371
Nevada,Texas A&M,0.16683603739091957
Nevada,TX Southern,0.9445129597670946
Nevada,UCLA,0.13302697903550564
Nevada,Louisiana,0.5625786180329394
Nevada,UNC Asheville,0.7550684611220616
Nevada,USC,0.27713551414767723
Nevada,Utah St,0.3096493479359135
Nevada,VCU,0.3096224483310299
Nevada,Vermont,0.6354637389303983
Nevada,Virginia,0.14804654956519914
Nevada,West Virginia,0.243680042616104
Nevada,Xavier,0.1930699440892888
Northwestern,Oral Roberts,0.6639313759119702
Northwestern,Penn St,0.4360441715563522
Northwestern,Pittsburgh,0.5474424614410425
Northwestern,Princeton,0.7391656531447732
Northwestern,Providence,0.3869026143626232
Northwestern,Purdue,0.22042956346337672
Northwestern,San Diego St,0.40334182924471074
Northwestern,UC Santa Barbara,0.7577412762024973
Northwestern,SE Missouri St,0.9405136934335403
Northwestern,St Mary's CA,0.39382431433826925
Northwestern,TAM C. Christi,0.904669552474315
Northwestern,TCU,0.40150106976426314
Northwestern,Tennessee,0.3020794705844786
Northwestern,Texas,0.22476439059918907
Northwestern,Texas A&M,0.3120853897771064
Northwestern,TX Southern,0.9747252800104713
Northwestern,UCLA,0.25795497951703705
Northwestern,Louisiana,0.7444951518140541
Northwestern,UNC Asheville,0.8747537633585333
Northwestern,USC,0.46483711434733377
Northwestern,Utah St,0.5040178931636766
Northwestern,VCU,0.5039864353469604
Northwestern,Vermont,0.7979547257002123
Northwestern,Virginia,0.28248384815929983
Northwestern,West Virginia,0.4219490626087081
Northwestern,Xavier,0.35152254083476253
Oral Roberts,Penn St,0.28283179905068623
Oral Roberts,Pittsburgh,0.3815715310833878
Oral Roberts,Princeton,0.5910749362883645
Oral Roberts,Providence,0.24350168887130552
Oral Roberts,Purdue,0.12604493482259715
Oral Roberts,San Diego St,0.2563959814823634
Oral Roberts,UC Santa Barbara,0.6146995259392343
Oral Roberts,SE Missouri St,0.8896778209929137
Oral Roberts,St Mary's CA,0.24889943753907495
Oral Roberts,TAM C. Christi,0.8287784928772746
Oral Roberts,TCU,0.25493930445399504
Oral Roberts,Tennessee,0.1808438516838652
Oral Roberts,Texas,0.12883039108861793
Oral Roberts,Texas A&M,0.18791526693193372
Oral Roberts,TX Southern,0.9516221196052221
Oral Roberts,UCLA,0.1506067040905611
Oral Roberts,Louisiana,0.59778377823957
Oral Roberts,UNC Asheville,0.780817219044209
Oral Roberts,USC,0.307015423311487
Oral Roberts,Utah St,0.3413792756711904
Oral Roberts,VCU,0.3413509825883908
Oral Roberts,Vermont,0.6682619105372257
Oral Roberts,Virginia,0.16722827983222177
Oral Roberts,West Virginia,0.27130669494833604
Oral Roberts,Xavier,0.2166020409627578
Penn St,Pittsburgh,0.6053978998522772
Penn St,Princeton,0.7823309542782053
Penn St,Providence,0.44455761783270586
Penn St,Purdue,0.26395759236702165
Penn St,San Diego St,0.4616021539505305
Penn St,UC Santa Barbara,0.7986698088195505
Penn St,SE Missouri St,0.9524993317016414
Penn St,St Mary's CA,0.45175076073544895
Penn St,TAM C. Christi,0.9232882117458299
Penn St,TCU,0.4597003624298267
Penn St,Tennessee,0.35440099482220777
Penn St,Texas,0.2688532041236392
Penn St,Texas A&M,0.36523304072245866
Penn St,TX Southern,0.9799646157512657
Penn St,UCLA,0.3059846198314258
Penn St,Louisiana,0.7870325912778569
Penn St,UNC Asheville,0.8985600282918073
Penn St,USC,0.5241764953113832
Penn St,Utah St,0.5630962071911677
Penn St,VCU,0.5630652480959593
Penn St,Vermont,0.8335814780577613
Penn St,Virginia,0.33303088136882564
Penn St,West Virginia,0.4807315897306259
Penn St,Xavier,0.4074087599768842
Pittsburgh,Princeton,0.6967964076958214
Pittsburgh,Providence,0.33851956016946927
Pittsburgh,Purdue,0.18653066095751114
Pittsburgh,San Diego St,0.3540903049726153
Pittsburgh,UC Santa Barbara,0.7172351211818262
Pittsburgh,SE Missouri St,0.9276495465785616
Pittsburgh,St Mary's CA,0.34506284746417604
Pittsburgh,TAM C. Christi,0.8850017512849732
Pittsburgh,TCU,0.35234158426464424
Pittsburgh,Tennessee,0.25980873801336524
Pittsburgh,Texas,0.190361637884214
Pittsburgh,Texas A&M,0.2689540739079058
Pittsburgh,TX Southern,0.9690157908230423
Pittsburgh,UCLA,0.2199131419972279
Pittsburgh,Louisiana,0.7026433524371642
Pittsburgh,UNC Asheville,0.8499377590218823
Pittsburgh,USC,0.41327769675447845
Pittsburgh,Utah St,0.4517813579243133
Pittsburgh,VCU,0.4517501908622873
Pittsburgh,Vermont,0.7620610046226419
Pittsburgh,Virginia,0.24200436739036812
Pittsburgh,West Virginia,0.3718414249626234
Pittsburgh,Xavier,0.30536024241722415
Princeton,Providence,0.17985133927177444
Princeton,Purdue,0.08946628552113112
Princeton,San Diego St,0.1902226375230358
Princeton,UC Santa Barbara,0.5208208309432494
Princeton,SE Missouri St,0.8460142105658129
Princeton,St Mary's CA,0.18418165673193154
Princeton,TAM C. Christi,0.767315796507028
Princeton,TCU,0.1890463360436183
Princeton,Tennessee,0.13074139975646704
Princeton,Texas,0.09152805050023494
Princeton,Texas A&M,0.13617938395815965
Princeton,TX Southern,0.9305615034423973
Princeton,UCLA,0.10777918774105577
Princeton,Louisiana,0.5031151412854744
Princeton,UNC Asheville,0.7081997123687036
Princeton,USC,0.23185108273984345
Princeton,Utah St,0.26097014406219554
Princeton,VCU,0.2609458748242093
Princeton,Vermont,0.5784846528916971
Princeton,Virginia,0.12034382005919741
Princeton,West Virginia,0.2023321516272858
Princeton,Xavier,0.15850984130503398
Providence,Purdue,0.3158747298654222
Providence,San Diego St,0.524682309187318
Providence,UC Santa Barbara,0.8362662279748359
Providence,SE Missouri St,0.9627108092391357
Providence,St Mary's CA,0.5147718401772445
Providence,TAM C. Christi,0.9393797031495307
Providence,TCU,0.5227729754161572
Providence,Tennessee,0.4140990374765601
Providence,Texas,0.3213128989702887
Providence,Texas A&M,0.42555299160663396
Providence,TX Southern,0.984368627393037
Providence,UCLA,0.36210133470348993
Providence,Louisiana,0.8263295982661027
Providence,UNC Asheville,0.9193857424097767
Providence,USC,0.5864927843855213
Providence,Utah St,0.6239718920080475
Providence,VCU,0.6239423657435544
Providence,Vermont,0.8657543139076505
Providence,Virginia,0.39131105893456875
Providence,West Virginia,0.5437855854124146
Providence,Xavier,0.4695417840103564
Purdue,San Diego St,0.7046882945881039
Purdue,UC Santa Barbara,0.9169507411307712
Purdue,SE Missouri St,0.9823976571672401
Purdue,St Mary's CA,0.6963589795307321
Purdue,TAM C. Christi,0.9710133430411377
Purdue,TCU,0.7030928633242818
Purdue,Tennessee,0.6044086931921542
Purdue,Texas,0.505792192188219
Purdue,Texas A&M,0.6155958572767978
Purdue,TX Southern,0.9927078289821035
Purdue,UCLA,0.5509869705259631
Purdue,Louisiana,0.9113918466515044
Purdue,UNC Asheville,0.9610199368502467
Purdue,USC,0.7540629034361461
Purdue,Utah St,0.7819993761765376
Purdue,VCU,0.7819779227854742
Purdue,Vermont,0.9330707013631382
Purdue,Virginia,0.5815428141575656
Purdue,West Virginia,0.7204121068585041
Purdue,Xavier,0.6567694560894006
San Diego St,UC Santa Barbara,0.8280169706357868
San Diego St,SE Missouri St,0.9605314346259636
San Diego St,St Mary's CA,0.5000092889974974
San Diego St,TAM C. Christi,0.9359274899474957
San Diego St,TCU,0.5080212026428306
San Diego St,Tennessee,0.3998445141127075
San Diego St,Texas,0.30857021407720076
San Diego St,Texas A&M,0.4111808912074244
San Diego St,TX Southern,0.9834332661792096
San Diego St,UCLA,0.3485718471297917
San Diego St,Louisiana,0.8176888523899
San Diego St,UNC Asheville,0.914898062080697
San Diego St,USC,0.5720984621896743
San Diego St,Utah St,0.6100147030184081
San Diego St,VCU,0.6099847658346169
San Diego St,Vermont,0.8587397728194234
San Diego St,Virginia,0.3773357718844981
San Diego St,West Virginia,0.5290982611158463
San Diego St,Xavier,0.45486041120694953
UC Santa Barbara,SE Missouri St,0.836367059046209
UC Santa Barbara,St Mary's CA,0.17357445536527105
UC Santa Barbara,TAM C. Christi,0.7541708691508994
UC Santa Barbara,TCU,0.1782201759554629
UC Santa Barbara,Tennessee,0.12274880479977524
UC Santa Barbara,Texas,0.08569634784154834
UC Santa Barbara,Texas A&M,0.12790326486452852
UC Santa Barbara,TX Southern,0.925746308937839
UC Santa Barbara,UCLA,0.10102719187808884
UC Santa Barbara,Louisiana,0.4850611274404413
UC Santa Barbara,UNC Asheville,0.6930511117284607
UC Santa Barbara,USC,0.21923630967219476
UC Santa Barbara,Utah St,0.24728106049641163
UC Santa Barbara,VCU,0.24725763837210657
UC Santa Barbara,Vermont,0.5607784180864408
UC Santa Barbara,Virginia,0.11290429906965882
UC Santa Barbara,West Virginia,0.19092427604136408
UC Santa Barbara,Xavier,0.149110878998169
SE Missouri St,St Mary's CA,0.03956257396277707
SE Missouri St,TAM C. Christi,0.37565783925554397
SE Missouri St,TCU,0.040798538959575414
SE Missouri St,Tennessee,0.02670970443580667
SE Missouri St,Texas,0.018050710665549752
SE Missouri St,Texas A&M,0.0279598326020416
SE Missouri St,TX Southern,0.7097377404887608
SE Missouri St,UCLA,0.021565370645516446
SE Missouri St,Louisiana,0.1559369599902587
SE Missouri St,UNC Asheville,0.30691547543717657
SE Missouri St,USC,0.052196862931478405
SE Missouri St,Utah St,0.0605304764832616
SE Missouri St,VCU,0.06052332083200551
SE Missouri St,Vermont,0.20025838163713816
SE Missouri St,Virginia,0.024353745952215955
SE Missouri St,West Virginia,0.0442340711603838
SE Missouri St,Xavier,0.03322723124400817
St Mary's CA,TAM C. Christi,0.9350803198233434
St Mary's CA,TCU,0.5045115231848281
St Mary's CA,Tennessee,0.39647990253240695
St Mary's CA,Texas,0.30558258510595515
St Mary's CA,Texas A&M,0.4077857028891043
St Mary's CA,TX Southern,0.98320294703231
St Mary's CA,UCLA,0.3453903850999166
St Mary's CA,Louisiana,0.8155863661639687
St Mary's CA,UNC Asheville,0.9137984491361908
St Mary's CA,USC,0.5686577780288451
St Mary's CA,Utah St,0.6066692863258649
St Mary's CA,VCU,0.6066392579327449
St Mary's CA,Vermont,0.8570279261936015
St Mary's CA,Virginia,0.37404252061063026
St Mary's CA,West Virginia,0.5255985321259559
St Mary's CA,Xavier,0.4513810380359343
TAM C. Christi,TCU,0.06917296564752662
TAM C. Christi,Tennessee,0.04575305476178437
TAM C. Christi,Texas,0.03111779757472355
TAM C. Christi,Texas A&M,0.04785067278987232
TAM C. Christi,TX Southern,0.8103217479359736
TAM C. Christi,UCLA,0.03708067593204434
TAM C. Christi,Louisiana,0.24401647066179122
TAM C. Christi,UNC Asheville,0.43620261832729434
TAM C. Christi,USC,0.08777316014969117
TAM C. Christi,Utah St,0.10118043495381301
TAM C. Christi,VCU,0.10116899132774437
TAM C. Christi,Vermont,0.30434566926643636
TAM C. Christi,Virginia,0.04178947866884741
TAM C. Christi,West Virginia,0.07481147752944262
TAM C. Christi,Xavier,0.05664696224749122
TCU,Tennessee,0.40259902232831035
TCU,Texas,0.3110217964261335
TCU,Texas A&M,0.4139596283091411
TCU,TX Southern,0.9836190343884744
TCU,UCLA,0.3511798235217767
TCU,Louisiana,0.8193918437216204
TCU,UNC Asheville,0.9157865290295651
TCU,USC,0.5749029007057346
TCU,Utah St,0.6127388543509098
TCU,VCU,0.6127089935190562
TCU,Vermont,0.8601248979076791
TCU,Virginia,0.3800334073823005
TCU,West Virginia,0.5319539567238002
TCU,Xavier,0.4577048778088655
Tennessee,Texas,0.400461019095703
Tennessee,Texas A&M,0.51104366594989
Tennessee,TX Southern,0.9888700220144268
Tennessee,UCLA,0.4447132108573393
Tennessee,Louisiana,0.8703474913926943
Tennessee,UNC Asheville,0.9414880402584281
Tennessee,USC,0.6667863099916185
Tennessee,Utah St,0.7007017258131278
Tennessee,VCU,0.7006753342712997
Tennessee,Vermont,0.9009771968149003
Tennessee,Virginia,0.475618264879376
Tennessee,West Virginia,0.627099207492674
Tennessee,Xavier,0.5553265985376983
Texas,Texas A&M,0.6220827559047766
Texas,TX Southern,0.9929042396621274
Texas,UCLA,0.5577809385916943
Texas,Louisiana,0.9135878089021692
Texas,UNC Asheville,0.9620372046435854
Texas,USC,0.7591274389391492
Texas,Utah St,0.7866513893865337
Texas,VCU,0.7866302688866154
Texas,Vermont,0.9347678541116835
Texas,Virginia,0.5882199726588624
Texas,West Virginia,0.7259177322154693
Texas,Xavier,0.6629419736522406
Texas A&M,TX Southern,0.9886015685316197
Texas A&M,UCLA,0.43876883102149644
Texas A&M,Louisiana,0.8676030407046963
Texas A&M,UNC Asheville,0.940145914074298
Texas A&M,USC,0.6614092296053675
Texas A&M,Utah St,0.6956221080762062
Texas A&M,VCU,0.6955954632085994
Texas A&M,Vermont,0.8988057235441139
Texas A&M,Virginia,0.46961014664811795
Texas A&M,West Virginia,0.6214452876420173
Texas A&M,Xavier,0.5493664548223939
TX Southern,UCLA,0.00928392170619352
TX Southern,Louisiana,0.0728269505523449
TX Southern,UNC Asheville,0.15844306497395577
TX Southern,USC,0.022878727993528414
TX Southern,Utah St,0.02666316510766853
TX Southern,VCU,0.026659899489618444
TX Southern,Vermont,0.09621910399848776
TX Southern,Virginia,0.010501364571055882
TX Southern,West Virginia,0.01929744538713485
TX Southern,Xavier,0.014402127410883425
UCLA,Louisiana,0.899001083635746
UCLA,UNC Asheville,0.9552281336943154
UCLA,USC,0.7262790975065474
UCLA,Utah St,0.7563518341195103
UCLA,VCU,0.7563286432295321
UCLA,Vermont,0.9234568581570166
UCLA,Virginia,0.5460033798264101
UCLA,West Virginia,0.6903876257870281
UCLA,Xavier,0.6234824808294008
Louisiana,UNC Asheville,0.7071277151034454
Louisiana,USC,0.23092949871460133
Louisiana,Utah St,0.2599719875587376
Louisiana,VCU,0.25994777849516904
Louisiana,Vermont,0.5772205997979256
Louisiana,Virginia,0.11979634212719403
Louisiana,West Virginia,0.20149712362277927
Louisiana,Xavier,0.15781988614106912
UNC Asheville,USC,0.10878050830533426
UNC Asheville,Utah St,0.12495708772111491
UNC Asheville,VCU,0.12494332874411418
UNC Asheville,Vermont,0.35690693047171873
UNC Asheville,Virginia,0.052423706540997705
UNC Asheville,West Virginia,0.09303299501199469
UNC Asheville,Xavier,0.0707827081632264
USC,Utah St,0.5442291986107919
USC,VCU,0.5441979847744344
USC,Vermont,0.8227175269235916
USC,Virginia,0.3162918940057583
USC,West Virginia,0.46170790639421333
USC,Xavier,0.38911235995210813
Utah St,VCU,0.4983401660517608
Utah St,Vermont,0.7942889208327109
Utah St,Virginia,0.2779286513715963
Utah St,West Virginia,0.4164502192738987
Utah St,Xavier,0.3463915141808076
VCU,Vermont,0.7893454764972522
VCU,Virginia,0.27195039348368044
VCU,West Virginia,0.40918082828054736
VCU,Xavier,0.33963328723133523
Vermont,Virginia,0.08924187008159334
Vermont,West Virginia,0.15374434997712216
Vermont,Xavier,0.11887715963631218
Virginia,West Virginia,0.6378945154711912
Virginia,Xavier,0.5667642393792474
West Virginia,Xavier,0.43330240267566367
